Borough,Stop Name,Daytime Routes,Entrance Type,Entry Allowed,Entrance Latitude,Entrance Longitude
B,Atlantic Av-Barclays Ctr,2 3 4 5 B D N Q R,Stair,YES,40.683905,-73.978879
B,Atlantic Av-Barclays Ctr,2 3 4 5 B D N Q R,Elevator,YES,40.683805,-73.978487
B,Atlantic Av-Barclays Ctr,2 3 4 5 B D N Q R,Stair,YES,40.683928,-73.978412
B,Union St,R,Stair,YES,40.6771544,-73.9834296
B,Union St,R,Stair,YES,40.6772958,-73.9833364
B,Union St,R,Stair,YES,40.677001,-73.983133
B,Union St,R,Stair,YES,40.677171,-73.98302
B,4 Av-9 St,F G R,Stair,YES,40.670538,-73.988778
B,4 Av-9 St,F G R,Stair,YES,40.6704052,-73.9884866
B,Prospect Av,R,Stair,YES,40.6652787,-73.9932544
B,Prospect Av,R,Stair,YES,40.6650684,-73.9930473
B,Prospect Av,R,Stair,YES,40.665299,-73.992729
B,25 St,R,Stair,YES,40.6605007,-73.998224
B,25 St,R,Stair,YES,40.660323,-73.997952
B,36 St,D N R,Stair,YES,40.65449,-74.004499
B,36 St,D N R,Stair,YES,40.6546909,-74.0043071
B,36 St,D N R,Stair,YES,40.654365,-74.004113
B,45 St,R,Stair,YES,40.6494326,-74.0097327
B,45 St,R,Stair,YES,40.6495617,-74.0096026
B,45 St,R,Stair,YES,40.6492747,-74.009461
B,45 St,R,Stair,YES,40.6494028,-74.0093232
B,53 St,R,Stair,YES,40.6446672,-74.014688
B,53 St,R,Stair,YES,40.6447641,-74.0145927
B,53 St,R,Stair,YES,40.6445032,-74.0144244
B,53 St,R,Stair,YES,40.644601,-74.014309
B,53 St,R,Stair,YES,40.6456266,-74.01369
B,59 St,N R,Stair,YES,40.6406896,-74.0188637
B,59 St,N R,Stair,YES,40.640491,-74.0185665
B,59 St,N R,Stair,YES,40.6416248,-74.0178508
B,59 St,N R,Elevator,YES,40.6417413,-74.0177502
B,59 St,N R,Stair,YES,40.6414668,-74.0175533
B,59 St,N R,Stair,YES,40.6415691,-74.017435
B,Bay Ridge Av,R,Stair,YES,40.634827,-74.02358
B,Bay Ridge Av,R,Stair,YES,40.634768,-74.023339
B,Bay Ridge Av,R,Stair,YES,40.635484,-74.0233079
B,77 St,R,Stair,YES,40.6295183,-74.025749
B,77 St,R,Stair,YES,40.6294674,-74.0255076
B,86 St,R,Stair,YES,40.6226535,-74.0285564
B,86 St,R,Stair,YES,40.622583,-74.028315
B,86 St,R,Stair,YES,40.623498,-74.028204
B,86 St,R,Elevator,YES,40.6225859,-74.0283617
B,86 St,R,Stair,YES,40.6224943,-74.0286163
B,Bay Ridge-95 St,R,Stair,YES,40.616021,-74.031383
B,Bay Ridge-95 St,R,Stair,YES,40.6162027,-74.031236
B,Bay Ridge-95 St,R,Easement - Street,YES,40.6159342,-74.0308333
B,Bay Ridge-95 St,R,Stair,YES,40.617604,-74.0306828
B,Bay Ridge-95 St,R,Stair,YES,40.6173787,-74.0304053
Q,21 St-Queensbridge,M,Escalator,YES,40.7541656,-73.9425499
Q,21 St-Queensbridge,M,Elevator,YES,40.7543246,-73.9423416
Q,21 St-Queensbridge,M,Stair,YES,40.7540129,-73.9422248
Q,21 St-Queensbridge,M,Stair,YES,40.754262,-73.9419961
M,Roosevelt Island,M,Station House,YES,40.7590185,-73.9534576
M,Lexington Av/63 St,M Q,Easement - Street,YES,40.7649678,-73.9666793
M,Lexington Av/63 St,M Q,Stair,YES,40.7647383,-73.9665531
M,Lexington Av/63 St,M Q,Easement - Street,YES,40.764896,-73.966426
M,Lexington Av/63 St,M Q,Stair,YES,40.7641013,-73.9650414
M,Lexington Av/63 St,M Q,Elevator,YES,40.7642064,-73.9649728
M,Lexington Av/63 St,M Q,Easement - Street,YES,40.7638652,-73.964516
M,Lexington Av/63 St,M Q,Stair,YES,40.7641673,-73.9645234
M,57 St,M,Stair,YES,40.7634853,-73.9779774
M,57 St,M,Stair,YES,40.7633797,-73.9777271
M,57 St,M,Stair,YES,40.7638466,-73.977723
M,57 St,M,Stair,YES,40.764223,-73.977439
M,57 St,M,Stair,YES,40.763903,-73.977348
M,57 St,M,Stair,YES,40.7640108,-73.9772741
M,57 St,M,Stair,YES,40.7646549,-73.9771234
M,57 St,M,Stair,YES,40.7645565,-73.9768746
M,47-50 Sts-Rockefeller Ctr,B D F M,Stair,YES,40.7580251,-73.9821103
M,47-50 Sts-Rockefeller Ctr,B D F M,Stair,YES,40.7578149,-73.9817936
M,47-50 Sts-Rockefeller Ctr,B D F M,Easement - Street,YES,40.7586676,-73.9816419
M,47-50 Sts-Rockefeller Ctr,B D F M,Stair,YES,40.7578802,-73.9816131
M,47-50 Sts-Rockefeller Ctr,B D F M,Stair,YES,40.7579787,-73.9815345
M,47-50 Sts-Rockefeller Ctr,B D F M,Easement - Street,YES,40.7590434,-73.98132
M,47-50 Sts-Rockefeller Ctr,B D F M,Stair,YES,40.75848,-73.98114
M,47-50 Sts-Rockefeller Ctr,B D F M,Elevator,YES,40.759442,-73.981112
M,47-50 Sts-Rockefeller Ctr,B D F M,Stair,YES,40.7586206,-73.9810724
M,47-50 Sts-Rockefeller Ctr,B D F M,Easement - Street,YES,40.7594551,-73.9810633
M,47-50 Sts-Rockefeller Ctr,B D F M,Easement - Street,YES,40.7590201,-73.9808688
M,47-50 Sts-Rockefeller Ctr,B D F M,Easement - Street,YES,40.7599252,-73.9807323
M,47-50 Sts-Rockefeller Ctr,B D F M,Easement - Street,YES,40.7593732,-73.980623
M,47-50 Sts-Rockefeller Ctr,B D F M,Easement - Street,YES,40.7601466,-73.9804899
M,47-50 Sts-Rockefeller Ctr,B D F M,Easement - Street,YES,40.7600375,-73.9801239
M,47-50 Sts-Rockefeller Ctr,B D F M,Easement - Passage,YES,40.7578742,-73.9820852
M,47-50 Sts-Rockefeller Ctr,B D F M,Easement - Passage,YES,40.7583667,-73.9818694
M,47-50 Sts-Rockefeller Ctr,B D F M,Easement - Passage,YES,40.7588352,-73.9807921
M,47-50 Sts-Rockefeller Ctr,B D F M,Easement - Passage,YES,40.7585566,-73.9817222
M,47-50 Sts-Rockefeller Ctr,B D F M,Easement - Passage,YES,40.7596484,-73.9809099
M,47-50 Sts-Rockefeller Ctr,B D F M,Easement - Passage,YES,40.760109,-73.980582
M,47-50 Sts-Rockefeller Ctr,B D F M,Easement - Passage,YES,40.7593998,-73.9803382
M,47-50 Sts-Rockefeller Ctr,B D F M,Easement - Passage,YES,40.7592389,-73.981182
M,42 St-Bryant Pk/5 Av,7 B D F M,Easement - Street,YES,40.7537136,-73.985193
M,42 St-Bryant Pk/5 Av,7 B D F M,Stair,YES,40.7533955,-73.9848446
M,42 St-Bryant Pk/5 Av,7 B D F M,Stair,YES,40.7535053,-73.9847341
M,42 St-Bryant Pk/5 Av,7 B D F M,Easement - Street,YES,40.7549381,-73.9846882
M,42 St-Bryant Pk/5 Av,7 B D F M,Stair,YES,40.7550511,-73.9841897
M,42 St-Bryant Pk/5 Av,7 B D F M,Stair,YES,40.7552322,-73.9840526
M,42 St-Bryant Pk/5 Av,7 B D F M,Stair,YES,40.7545962,-73.9838771
M,42 St-Bryant Pk/5 Av,7 B D F M,Stair,YES,40.7550226,-73.9837875
M,42 St-Bryant Pk/5 Av,7 B D F M,Easement - Street,YES,40.7531465,-73.9855491
M,42 St-Bryant Pk/5 Av,7 B D F M,Easement - Street,YES,40.7531005,-73.9856594
M,42 St-Bryant Pk/5 Av,7 B D F M,Elevator,YES,40.7551429,-73.9841152
M,34 St-Herald Sq,B D F M N Q R W,Easement - Street,YES,40.74875,-73.9887643
M,34 St-Herald Sq,B D F M N Q R W,Easement - Street,YES,40.7489087,-73.9886438
M,34 St-Herald Sq,B D F M N Q R W,Stair,YES,40.7498382,-73.9881986
M,34 St-Herald Sq,B D F M N Q R W,Elevator,YES,40.749625,-73.9881642
M,34 St-Herald Sq,B D F M N Q R W,Stair,YES,40.7500954,-73.9881516
M,34 St-Herald Sq,B D F M N Q R W,Stair,YES,40.75089,-73.9881058
M,34 St-Herald Sq,B D F M N Q R W,Stair,YES,40.7507006,-73.9880439
M,34 St-Herald Sq,B D F M N Q R W,Stair,YES,40.750665,-73.9873465
M,34 St-Herald Sq,B D F M N Q R W,Stair,YES,40.7502992,-73.9870932
M,34 St-Herald Sq,B D F M N Q R W,Stair,YES,40.7504148,-73.9869775
M,34 St-Herald Square,B D F M N Q R W,Easement - Passage,YES,40.748851,-73.988718
M,23 St,F M,Stair,YES,40.7429882,-73.9932331
M,23 St,F M,Stair,YES,40.7431327,-73.9931221
M,23 St,F M,Stair,YES,40.7429076,-73.9930407
M,23 St,F M,Stair,YES,40.7430566,-73.9929343
M,23 St,F M,Stair,YES,40.7427557,-73.9926758
M,23 St,F M,Stair,YES,40.7429067,-73.9925842
M,23 St,F M,Stair,YES,40.7426666,-73.9924656
M,23 St,F M,Stair,YES,40.7428161,-73.9923624
M,14 St/6 Av,1 2 3 L F M,Stair,YES,40.7374199,-73.9971973
M,14 St/6 Av,1 2 3 L F M,Stair,YES,40.7375639,-73.9970916
M,14 St/6 Av,1 2 3 L F M,Stair,YES,40.7373646,-73.9970658
M,14 St/6 Av,1 2 3 L F M,Stair,YES,40.7375147,-73.9969619
M,14 St/6 Av,1 2 3 L F M,Elevator,YES,40.7373522,-73.9965383
M,14 St/6 Av,1 2 3 L F M,Stair,YES,40.7372847,-73.9964203
M,14 St/6 Av,1 2 3 L F M,Stair,YES,40.7387078,-73.9961093
M,14 St/6 Av,1 2 3 L F M,Stair,YES,40.738836,-73.9960133
M,14 St/6 Av,1 2 3 L F M,Stair,YES,40.7385661,-73.9957692
M,14 St/6 Av,1 2 3 L F M,Stair,YES,40.7386847,-73.9956583
M,Broadway-Lafayette St/Bleecker St,6 B D F M,Stair,YES,40.7252073,-73.9965618
M,Broadway-Lafayette St/Bleecker St,6 B D F M,Easement - Street,YES,40.7255227,-73.9963556
M,Broadway-Lafayette St/Bleecker St,6 B D F M,Stair,YES,40.7250257,-73.9957848
M,Broadway-Lafayette St/Bleecker St,6 B D F M,Stair,YES,40.7253547,-73.9956173
M,Broadway-Lafayette St/Bleecker St,6 B D F M,Stair,YES,40.7249867,-73.9956115
M,Broadway-Lafayette St/Bleecker St,6 B D F M,Elevator,YES,40.7253157,-73.9954983
M,Grand St,B D,Stair,YES,40.7183694,-73.9938821
M,Grand St,B D,Stair,YES,40.7181896,-73.9935609
M,Grand St,B D,Stair,YES,40.718155,-73.993452
M,2 Av,F,Stair,YES,40.723682,-73.9916677
M,2 Av,F,Stair,YES,40.7239689,-73.9912799
M,2 Av,F,Stair,YES,40.7227919,-73.9889701
M,2 Av,F,Stair,YES,40.7232077,-73.9888803
M,Delancey St-Essex St,F M J Z,Stair,YES,40.7183827,-73.9884421
M,Delancey St-Essex St,F M J Z,Stair,YES,40.7181166,-73.9882986
M,Delancey St-Essex St,F M J Z,Stair,YES,40.7187876,-73.9882306
M,Delancey St-Essex St,F M J Z,Stair,YES,40.7189431,-73.9878719
M,East Broadway,F,Stair,YES,40.7142366,-73.9903537
M,East Broadway,F,Stair,YES,40.7127305,-73.9902171
M,East Broadway,F,Stair,YES,40.713885,-73.9900148
M,East Broadway,F,Stair,YES,40.7144001,-73.9899
B,York St,F,Stair,YES,40.70138,-73.986655
B,Bergen St,F G,Stair,YES,40.6855861,-73.991461
B,Bergen St,F G,Stair,YES,40.6854562,-73.9911364
B,Bergen St,F G,Stair,YES,40.6867325,-73.9906886
B,Bergen St,F G,Stair,YES,40.6868716,-73.9905133
B,Bergen St,F G,Stair,YES,40.6866112,-73.9904
B,Bergen St,F G,Stair,YES,40.6867354,-73.9902909
B,Carroll St,F G,Easement - Street,YES,40.6792701,-73.9957771
B,Carroll St,F G,Stair,YES,40.6793588,-73.9952827
B,Carroll St,F G,Stair,YES,40.6811236,-73.9944306
B,Carroll St,F G,Stair,YES,40.6808116,-73.9943493
B,Carroll St,F G,Stair,YES,40.6809521,-73.994253
B,Smith-9 Sts,F G,Station House,YES,40.6746146,-73.9972884
B,4 Av-9 St,F G R,Station House,YES,40.669953,-73.989442
B,4 Av-9 St,F G R,Station House,YES,40.6700448,-73.9892527
B,4 Av-9 St,F G R,Station House,YES,40.6698741,-73.9888912
B,7 Av,F G,Stair,YES,40.6667886,-73.9818356
B,7 Av,F G,Stair,YES,40.667112,-73.981716
B,7 Av,F G,Stair,YES,40.666649,-73.981624
B,7 Av,F G,Stair,YES,40.6670215,-73.9813425
B,7 Av,F G,Stair,YES,40.665593,-73.979509
B,7 Av,F G,Stair,YES,40.665502,-73.9792962
B,7 Av,F G,Stair,YES,40.6660243,-73.9791546
B,7 Av,F G,Stair,YES,40.665835,-73.979007
B,7 Av,F G,Elevator,YES,40.6671112,-73.9815192
B,15 St-Prospect Park,F G,Stair,YES,40.6594527,-73.9799593
B,15 St-Prospect Park,F G,Stair,YES,40.6614242,-73.979806
B,15 St-Prospect Park,F G,Stair,YES,40.660198,-73.979787
B,15 St-Prospect Park,F G,Stair,YES,40.660705,-73.979522
B,15 St-Prospect Park,F G,Stair,YES,40.6613624,-73.9793129
B,15 St-Prospect Park,F G,Stair,YES,40.660763,-73.978992
B,Fort Hamilton Pkwy,F G,Stair,YES,40.6518513,-73.9760848
B,Fort Hamilton Pkwy,F G,Stair,YES,40.652665,-73.975901
B,Fort Hamilton Pkwy,F G,Station House,YES,40.6498642,-73.9758157
B,Fort Hamilton Pkwy,F G,Stair,YES,40.6516288,-73.9756084
B,Church Av,F G,Stair,YES,40.6449233,-73.9800183
B,Church Av,F G,Stair,YES,40.6430404,-73.9796519
B,Church Av,F G,Stair,YES,40.645042,-73.979573
B,Church Av,F G,Stair,YES,40.6425703,-73.9795636
B,Church Av,F G,Stair,YES,40.6431658,-73.9793426
B,Church Av,F G,Stair,YES,40.6427129,-73.9792618
B,Church Av,F G,Elevator,YES,40.6433778,-73.9796861
B,Ditmas Av,F,Stair,YES,40.6371339,-73.9784986
B,Ditmas Av,F,Stair,YES,40.63546,-73.9782992
B,Ditmas Av,F,Stair,YES,40.6371532,-73.9782413
B,Ditmas Av,F,Stair,YES,40.635389,-73.977914
B,18 Av,F,Stair,YES,40.630531,-73.977251
B,18 Av,F,Stair,YES,40.630562,-73.976995
B,18 Av,F,Stair,YES,40.628674,-73.976892
B,18 Av,F,Stair,YES,40.628708,-73.976646
B,Avenue I,F,Stair,YES,40.6261773,-73.9764106
B,Avenue I,F,Stair,YES,40.6261971,-73.9761687
B,Avenue I,F,Stair,YES,40.624263,-73.976049
B,Avenue I,F,Stair,YES,40.624301,-73.975817
B,Bay Pkwy,F,Stair,YES,40.620797,-73.975479
B,Bay Pkwy,F,Stair,YES,40.6211888,-73.9754707
B,Bay Pkwy,F,Stair,YES,40.6208412,-73.9751501
B,Avenue N,F,Stair,YES,40.6161563,-73.9745128
B,Avenue N,F,Stair,YES,40.6161843,-73.9742754
B,Avenue N,F,Stair,YES,40.6142815,-73.9741652
B,Avenue N,F,Stair,YES,40.614304,-73.97391
B,Avenue P,F,Stair,YES,40.608615,-73.973097
B,Avenue P,F,Stair,YES,40.609041,-73.972904
B,Kings Hwy,F,Stair,YES,40.602197,-73.97264
B,Kings Hwy,F,Stair,YES,40.602178,-73.972379
B,Kings Hwy,F,Stair,YES,40.6040675,-73.9723734
B,Kings Hwy,F,Stair,YES,40.6040527,-73.9721405
B,Avenue U,F,Stair,YES,40.5950561,-73.9736337
B,Avenue U,F,Stair,YES,40.596701,-73.973402
B,Avenue U,F,Stair,YES,40.595027,-73.973382
B,Avenue U,F,Stair,YES,40.596897,-73.973137
B,Avenue X,F,Stair,YES,40.5905319,-73.9742703
B,Avenue X,F,Stair,YES,40.590266,-73.974051
B,Neptune Av,F,Stair,YES,40.5809192,-73.9746771
B,Neptune Av,F,Stair,YES,40.5809125,-73.9745086
M,Inwood-207 St,A,Stair,YES,40.8678352,-73.9214448
M,Inwood-207 St,A,Stair,YES,40.8675148,-73.9213476
M,Inwood-207 St,A,Elevator,YES,40.867892,-73.921234
M,Inwood-207 St,A,Stair,YES,40.8676606,-73.9209393
M,Inwood-207 St,A,Stair,YES,40.8682937,-73.9196148
M,Inwood-207 St,A,Stair,YES,40.8680441,-73.9192915
M,Dyckman St,A,Stair,YES,40.865367,-73.9280766
M,Dyckman St,A,Easement - Street,YES,40.8658077,-73.9273508
M,Dyckman St,A,Easement - Street,YES,40.8657641,-73.9270702
M,190 St,A,Stair,YES,40.858902,-73.9342217
M,190 St,A,Station House,YES,40.858899,-73.932702
M,181 St,A,Stair,YES,40.8508848,-73.9385335
M,181 St,A,Stair,YES,40.8507955,-73.9384747
M,181 St,A,Stair,YES,40.8506956,-73.9382451
M,181 St,A,Stair,YES,40.8507602,-73.9380902
M,181 St,A,Station House,YES,40.852759,-73.936636
M,181 St,A,Station House,YES,40.8529297,-73.9374299
M,175 St,A,Stair,YES,40.8463795,-73.9402964
M,175 St,A,Stair,YES,40.8464212,-73.9398567
M,175 St,A,Stair,YES,40.8478249,-73.939798
M,175 St,A,Stair,YES,40.8479603,-73.9396895
M,175 St,A,Stair,YES,40.8480045,-73.939575
M,175 St,A,Elevator,YES,40.8479668,-73.9393756
M,175 St,A,Stair,YES,40.8478741,-73.9392845
M,175 St,A,Easement - Passage,YES,40.8481362,-73.9393681
M,168 St-Washington Hts,1 A C,Stair,YES,40.8418738,-73.939572
M,168 St-Washington Hts,1 A C,Stair,YES,40.8419367,-73.9394614
M,168 St-Washington Hts,1 A C,Stair,YES,40.8407547,-73.9392446
M,168 St-Washington Hts,1 A C,Stair,YES,40.8417771,-73.9390663
M,168 St-Washington Hts,1 A C,Elevator,YES,40.8407386,-73.9394342
M,163 St-Amsterdam Av,C,Stair,YES,40.835192,-73.940146
M,163 St-Amsterdam Av,C,Easement - Street,YES,40.8358559,-73.9400923
M,163 St-Amsterdam Av,C,Stair,YES,40.835291,-73.9396266
M,155 St,C,Stair,YES,40.830875,-73.9416528
M,155 St,C,Stair,YES,40.8307797,-73.9415935
M,155 St,C,Stair,YES,40.8311232,-73.9415596
M,155 St,C,Stair,YES,40.8311566,-73.9414537
M,155 St,C,Stair,YES,40.8310439,-73.9411527
M,155 St,C,Stair,YES,40.8309304,-73.9411061
M,135 St,C B,Stair,YES,40.8171366,-73.948229
M,135 St,C B,Stair,YES,40.8168892,-73.9479548
M,135 St,C B,Stair,YES,40.8169097,-73.9478184
M,135 St,C B,Stair,YES,40.8172018,-73.9476887
M,135 St,C B,Stair,YES,40.8185182,-73.9475789
M,135 St,C B,Stair,YES,40.8183718,-73.947201
M,125 St,A C B D,Stair,YES,40.8106533,-73.9528842
M,125 St,A C B D,Stair,YES,40.8110144,-73.952615
M,125 St,A C B D,Stair,YES,40.8105235,-73.9525916
M,125 St,A C B D,Stair,YES,40.8108896,-73.9523308
M,125 St,A C B D,Stair,YES,40.812002,-73.9517467
M,125 St,A C B D,Stair,YES,40.8118703,-73.9513473
M,125 St,A C B D,Elevator,YES,40.8107815,-73.9528525
M,116 St,C B,Stair,YES,40.80433,-73.9556383
M,116 St,C B,Stair,YES,40.8046561,-73.9555601
M,116 St,C B,Stair,YES,40.8041847,-73.9551335
M,116 St,C B,Stair,YES,40.8044406,-73.9550429
M,Cathedral Pkwy (110 St),C B,Stair,YES,40.8000144,-73.9588852
M,Cathedral Pkwy (110 St),C B,Stair,YES,40.8008738,-73.9584206
M,Cathedral Pkwy (110 St),C B,Stair,YES,40.8000042,-73.9584074
M,103 St,C B,Stair,YES,40.7962977,-73.9616715
M,96 St,C B,Stair,YES,40.7916384,-73.9649398
M,96 St,C B,Stair,YES,40.7922926,-73.9644275
M,96 St,C B,Stair,YES,40.7926081,-73.9643213
M,86 St,C B,Stair,YES,40.7852968,-73.969672
M,86 St,C B,Stair,YES,40.78521,-73.9695929
M,86 St,C B,Stair,YES,40.7855033,-73.9694622
M,86 St,C B,Stair,YES,40.7861364,-73.9690231
M,86 St,C B,Stair,YES,40.7867828,-73.9684492
M,81 St-Museum of Natural History,C B,Stair,YES,40.7803452,-73.9731888
M,81 St-Museum of Natural History,C B,Easement - Passage,YES,40.7808674,-73.9728943
M,81 St-Museum of Natural History,C B,Stair,YES,40.7819909,-73.972034
M,81 St-Museum of Natural History,C B,Stair,YES,40.782254,-73.971741
M,72 St,C B,Stair,YES,40.7749488,-73.9771817
M,72 St,C B,Stair,YES,40.7762139,-73.976297
M,72 St,C B,Stair,YES,40.7764555,-73.975976
M,59 St-Columbus Circle,1 A C B D,Easement - Street,YES,40.7667708,-73.9833664
M,59 St-Columbus Circle,1 A C B D,Easement - Street,YES,40.7664984,-73.9832643
M,59 St-Columbus Circle,1 A C B D,Easement - Street,YES,40.7669768,-73.9829544
M,59 St-Columbus Circle,1 A C B D,Easement - Street,YES,40.7664893,-73.9826848
M,59 St-Columbus Circle,1 A C B D,Stair,YES,40.7667421,-73.9825714
M,59 St-Columbus Circle,1 A C B D,Easement - Street,YES,40.7677166,-73.9827407
M,59 St-Columbus Circle,1 A C B D,Easement - Street,YES,40.7677979,-73.9825917
M,59 St-Columbus Circle,1 A C B D,Elevator,YES,40.7676894,-73.982496
M,59 St-Columbus Circle,1 A C B D,Stair,YES,40.7673965,-73.9821741
M,59 St-Columbus Circle,1 A C B D,Stair,YES,40.7687301,-73.9817917
M,59 St-Columbus Circle,1 A C B D,Stair,YES,40.7686784,-73.9811728
M,59 St-Columbus Circle,1 A C B D,Elevator,YES,40.768695,-73.98159
M,50 St,C E,Stair,YES,40.7617615,-73.9869788
M,50 St,C E,Easement - Street,YES,40.7618796,-73.9868361
M,50 St,C E,Stair,YES,40.7616972,-73.986825
M,50 St,C E,Easement - Street,YES,40.762367,-73.9864705
M,50 St,C E,Easement - Street,YES,40.7624623,-73.9862793
M,50 St,C E,Stair,YES,40.7621301,-73.9859331
M,50 St,C E,Stair,YES,40.762258,-73.9858519
M,50 St,C E,Stair,YES,40.7629145,-73.9854329
M,50 St,C E,Easement - Street,YES,40.7616592,-73.9843289
M,Times Sq-42 St/Port Authority Bus Terminal,1 2 3 7 A C E N Q R W S,Easement - Street,YES,40.7559971,-73.9910421
M,Times Sq-42 St/Port Authority Bus Terminal,1 2 3 7 A C E N Q R W S,Stair,YES,40.7561151,-73.9909193
M,Times Sq-42 St/Port Authority Bus Terminal,1 2 3 7 A C E N Q R W S,Stair,YES,40.7558064,-73.9905611
M,Times Sq-42 St/Port Authority Bus Terminal,1 2 3 7 A C E N Q R W S,Stair,YES,40.757474,-73.9900143
M,Times Sq-42 St/Port Authority Bus Terminal,1 2 3 7 A C E N Q R W S,Stair,YES,40.7579453,-73.9895696
M,Times Sq-42 St/Port Authority Bus Terminal,1 2 3 7 A C E N Q R W S,Easement - Street,YES,40.7574339,-73.9894533
M,Times Sq-42 St/Port Authority Bus Terminal,1 2 3 7 A C E N Q R W S,Easement - Street,YES,40.7585808,-73.9891597
M,Times Sq-42 St/Port Authority Bus Terminal,1 2 3 7 A C E N Q R W S,Stair,YES,40.758386,-73.9886758
M,Times Sq-42 St/Port Authority Bus Terminal,1 2 3 7 A C E N Q R W S,Stair,YES,40.7586951,-73.9890158
M,Times Sq-42 St/Port Authority Bus Terminal,1 2 3 7 A C E N Q R W S,Easement - Passage,YES,40.7563491,-73.9906315
M,Times Sq-42 St/Port Authority Bus Terminal,1 2 3 7 A C E N Q R W S,Easement - Passage,YES,40.7569444,-73.9901997
M,34 St-Penn Station,A C E,Stair,YES,40.7517496,-73.9942753
M,34 St-Penn Station,A C E,Stair,YES,40.7515212,-73.9942373
M,34 St-Penn Station,A C E,Stair,YES,40.751281,-73.9939183
M,34 St-Penn Station,A C E,Stair,YES,40.7522195,-73.9938635
M,34 St-Penn Station,A C E,Stair,YES,40.7524423,-73.9936995
M,34 St-Penn Station,A C E,Stair,YES,40.7514264,-73.9935073
M,34 St-Penn Station,A C E,Stair,YES,40.7529333,-73.9933463
M,34 St-Penn Station,A C E,Elevator,YES,40.7520165,-73.9933356
M,34 St-Penn Station,A C E,Stair,YES,40.7530677,-73.9932666
M,34 St-Penn Station,A C E,Stair,YES,40.7519575,-73.9932163
M,34 St-Penn Station,A C E,Stair,YES,40.7530103,-73.9931291
M,34 St-Penn Station,A C E,Stair,YES,40.7521806,-73.9930803
M,34 St-Penn Station,A C E,Stair,YES,40.7527203,-73.992839
M,34 St-Penn Station,A C E,Stair,YES,40.7528575,-73.9927606
M,34 St-Penn Station,A C E,Stair,YES,40.7528022,-73.9926229
M,34 St-Penn Station,A C E,Easement - Passage,YES,40.7515869,-73.9938673
M,34 St-Penn Station,A C E,Easement - Passage,YES,40.7513819,-73.993664
M,23 St,C E,Stair,YES,40.7452647,-73.9987538
M,23 St,C E,Stair,YES,40.7455254,-73.9986724
M,23 St,C E,Stair,YES,40.7451194,-73.9984005
M,23 St,C E,Stair,YES,40.7452896,-73.9981389
M,23 St,C E,Stair,YES,40.7465992,-73.9977858
M,23 St,C E,Stair,YES,40.7467263,-73.9976859
M,23 St,C E,Stair,YES,40.7464485,-73.997426
M,23 St,C E,Stair,YES,40.7465766,-73.9973307
M,23 St,C E,Stair,YES,40.7465177,-73.9971926
M,14 St/8 Av,A C E L,Stair,YES,40.7399648,-74.0026775
M,14 St/8 Av,A C E L,Stair,YES,40.7397744,-74.0022228
M,14 St/8 Av,A C E L,Stair,YES,40.740613,-74.0022132
M,14 St/8 Av,A C E L,Easement - Passage,YES,40.7409998,-74.0018465
M,14 St/8 Av,A C E L,Stair,YES,40.740423,-74.0017648
M,14 St/8 Av,A C E L,Stair,YES,40.7412488,-74.001743
M,14 St/8 Av,A C E L,Stair,YES,40.7409261,-74.0013738
M,14 St/8 Av,A C E L,Stair,YES,40.7410587,-74.0012814
M,14 St/8 Av,A C E L,Elevator,YES,40.7399468,-74.0027236
M,Spring St,C E,Stair,YES,40.7256308,-74.0043768
M,Spring St,C E,Stair,YES,40.726208,-74.004033
M,Spring St,C E,Easement - Street,YES,40.7255428,-74.0037502
M,Canal St,A C E,Stair,YES,40.7216563,-74.0056651
M,Canal St,A C E,Stair,YES,40.720758,-74.005399
M,Canal St,A C E,Stair,YES,40.7219301,-74.0050459
M,Canal St,A C E,Stair,YES,40.7198613,-74.0050282
M,Canal St,A C E,Stair,YES,40.7206887,-74.0050041
M,Canal St,A C E,Easement - Passage,YES,40.7200419,-74.0049774
M,Chambers St/WTC/Park Place/Cortlandt St,2 3 A C E R W,Stair,YES,40.7137352,-74.0090664
M,Chambers St/WTC/Park Place/Cortlandt St,2 3 A C E R W,Stair,YES,40.7139627,-74.0089871
M,Chambers St/WTC/Park Place/Cortlandt St,2 3 A C E R W,Stair,YES,40.7143032,-74.0086227
M,Chambers St/WTC/Park Place/Cortlandt St,2 3 A C E R W,Stair,YES,40.7145589,-74.0084198
M,Chambers St/WTC/Park Place/Cortlandt St,2 3 A C E R W,Stair,YES,40.7148711,-74.0081736
M,Chambers St/WTC/Park Place/Cortlandt St,2 3 A C E R W,Stair,YES,40.7151176,-74.0079793
M,Chambers St/WTC/Park Place/Cortlandt St,2 3 A C E R W,Stair,YES,40.714777,-74.0078979
M,Chambers St/WTC/Park Place/Cortlandt St,2 3 A C E R W,Stair,YES,40.7150278,-74.0077012
M,Chambers St/WTC/Park Place/Cortlandt St,2 3 A C E R W,Stair,YES,40.712274,-74.0103503
M,Chambers St/WTC/Park Place/Cortlandt St,2 3 A C E R W,Stair,YES,40.7116944,-74.01022
M,Chambers St/WTC/Park Place/Cortlandt St,2 3 A C E R W,Stair,YES,40.7118238,-74.0101552
M,Chambers St/WTC/Park Place/Cortlandt St,2 3 A C E R W,Stair,YES,40.7126643,-74.0099108
M,Chambers St/WTC/Park Place/Cortlandt St,2 3 A C E R W,Stair,YES,40.7133097,-74.0095541
M,Chambers St/WTC/Park Place/Cortlandt St,2 3 A C E R W,Stair,YES,40.7134261,-74.0093068
M,Chambers St/WTC/Park Place/Cortlandt St,2 3 A C E R W,Stair,YES,40.7130591,-74.0090286
M,Chambers St/WTC/Park Place/Cortlandt St,2 3 A C E R W,Stair,YES,40.7133621,-74.0090139
M,Chambers St/WTC/Park Place/Cortlandt St,2 3 A C E R W,Elevator,YES,40.7130961,-74.0091147
M,Chambers St/WTC/Park Place/Cortlandt St,2 3 A C E R W,Easement - Passage,YES,40.7116329,-74.0106471
M,Chambers St/WTC/Park Place/Cortlandt St,2 3 A C E R W,Easement - Passage,YES,40.7119688,-74.0105123
B,High St,A C,Stair,YES,40.699405,-73.991413
B,High St,A C,Stair,YES,40.6991398,-73.9889055
B,High St,A C,Stair,YES,40.6992387,-73.9882731
B,Jay St-MetroTech,A C F R,Easement - Street,YES,40.6924743,-73.9875859
B,Jay St-MetroTech,A C F R,Easement - Street,YES,40.6932155,-73.9874899
B,Jay St-MetroTech,A C F R,Easement - Street,YES,40.6925106,-73.9874814
B,Jay St-MetroTech,A C F R,Stair,YES,40.6917,-73.987461
B,Jay St-MetroTech,A C F R,Easement - Street,YES,40.6923538,-73.9874579
B,Jay St-MetroTech,A C F R,Easement - Street,YES,40.6931779,-73.9874487
B,Jay St-MetroTech,A C F R,Stair,YES,40.6916147,-73.9872021
B,Jay St-MetroTech,A C F R,Stair,YES,40.692329,-73.987167
B,Jay St-MetroTech,A C F R,Stair,YES,40.6924622,-73.9871584
B,Jay St-MetroTech,A C F R,Easement - Street,YES,40.693582,-73.9870075
B,Hoyt-Schermerhorn Sts,A C G,Easement - Street,YES,40.6890314,-73.9858587
B,Hoyt-Schermerhorn Sts,A C G,Easement - Street,YES,40.6884333,-73.9843016
B,Lafayette Av,C,Stair,YES,40.686553,-73.974606
B,Lafayette Av,C,Stair,YES,40.6861265,-73.9745162
B,Lafayette Av,C,Stair,YES,40.6864157,-73.9743492
B,Lafayette Av,C,Stair,YES,40.6860502,-73.9742815
B,Lafayette Av,C,Stair,YES,40.6860654,-73.9732954
B,Lafayette Av,C,Stair,YES,40.6855651,-73.973071
B,Lafayette Av,C,Stair,YES,40.685969,-73.973021
B,Lafayette Av,C,Stair,YES,40.685559,-73.9729
B,Lafayette Av,C,Stair,YES,40.685789,-73.97276
B,Clinton-Washington Avs,C,Stair,YES,40.6836751,-73.9670602
B,Clinton-Washington Avs,C,Stair,YES,40.6835856,-73.9667826
B,Clinton-Washington Avs,C,Stair,YES,40.683318,-73.966733
B,Clinton-Washington Avs,C,Stair,YES,40.683172,-73.964689
B,Clinton-Washington Avs,C,Stair,YES,40.6828735,-73.9646179
B,Clinton-Washington Avs,C,Stair,YES,40.6833851,-73.9670073
B,Franklin Av,C S,Stair,YES,40.681256,-73.95559
B,Nostrand Av,A C,Stair,YES,40.6805772,-73.9497346
B,Nostrand Av,A C,Stair,YES,40.680267,-73.9496419
B,Nostrand Av,A C,Stair,YES,40.6805398,-73.9495027
B,Nostrand Av,A C,Stair,YES,40.680228,-73.949414
B,Nostrand Av,A C,Stair,YES,40.6804282,-73.9531971
B,Nostrand Av,A C,Stair,YES,40.6808273,-73.9532759
B,Kingston-Throop Avs,C,Stair,YES,40.6796847,-73.94135
B,Kingston-Throop Avs,C,Stair,YES,40.679804,-73.941119
B,Kingston-Throop Avs,C,Stair,YES,40.6800631,-73.940479
B,Kingston-Throop Avs,C,Stair,YES,40.6800207,-73.940243
B,Utica Av,A C,Stair,YES,40.6795584,-73.932104
B,Utica Av,A C,Stair,YES,40.679346,-73.931987
B,Utica Av,A C,Stair,YES,40.6791112,-73.9300434
B,Utica Av,A C,Stair,YES,40.6795043,-73.9297247
B,Utica Av,A C,Elevator,YES,40.6794998,-73.9298659
B,Ralph Av,C,Stair,YES,40.679164,-73.92187
B,Ralph Av,C,Stair,YES,40.678702,-73.921552
B,Ralph Av,C,Stair,YES,40.6790048,-73.9214369
B,Rockaway Av,C,Stair,YES,40.6786088,-73.9137396
B,Rockaway Av,C,Stair,YES,40.678317,-73.913651
B,Rockaway Av,C,Stair,YES,40.6784181,-73.910978
B,Rockaway Av,C,Stair,YES,40.6785315,-73.9107794
B,Broadway Junction,A C J Z L,Station House,YES,40.6783526,-73.9039332
B,Liberty Av,C,Stair,YES,40.6744501,-73.896778
B,Liberty Av,C,Stair,YES,40.6742506,-73.8966456
B,Liberty Av,C,Stair,YES,40.6745867,-73.8963672
B,Liberty Av,C,Stair,YES,40.6742823,-73.896314
B,Van Siclen Av,C,Stair,YES,40.6727846,-73.8905905
B,Van Siclen Av,C,Stair,YES,40.6725653,-73.890375
B,Van Siclen Av,C,Stair,YES,40.6728631,-73.8902603
B,Van Siclen Av,C,Stair,YES,40.6724912,-73.8901667
B,Shepherd Av,C,Stair,YES,40.6742442,-73.8809291
B,Shepherd Av,C,Stair,YES,40.6740029,-73.8808715
B,Shepherd Av,C,Stair,YES,40.6743132,-73.8807518
B,Shepherd Av,C,Stair,YES,40.673981,-73.8806716
B,Euclid Av,A C,Stair,YES,40.6752842,-73.8721143
B,Euclid Av,A C,Stair,YES,40.6754856,-73.8721164
B,Euclid Av,A C,Elevator,YES,40.6755801,-73.8718739
B,Euclid Av,A C,Stair,YES,40.6752967,-73.8717882
B,Euclid Av,A C,Stair,YES,40.6755427,-73.8717353
M,W 4 St-Wash Sq,A C E B D F M,Stair,YES,40.7310974,-74.0015985
M,W 4 St-Wash Sq,A C E B D F M,Elevator,YES,40.7311149,-74.0012226
M,W 4 St-Wash Sq,A C E B D F M,Stair,YES,40.7311107,-74.0011646
M,W 4 St-Wash Sq,A C E B D F M,Stair,YES,40.7330975,-74.0002409
M,W 4 St-Wash Sq,A C E B D F M,Easement - Street,YES,40.7330089,-73.9998114
M,W 4 St-Wash Sq,A C E B D F M,Easement - Street,YES,40.7331807,-73.9996918
M,145 St,A C B D,Stair,YES,40.8239303,-73.9450243
M,145 St,A C B D,Stair,YES,40.824244,-73.944931
M,145 St,A C B D,Stair,YES,40.823804,-73.9447385
M,145 St,A C B D,Stair,YES,40.8240409,-73.9444173
M,145 St,A C B D,Easement - Street,YES,40.825652,-73.9438059
M,145 St,A C B D,Stair,YES,40.8255977,-73.9434494
Q,Astoria-Ditmars Blvd,N W,Stair,YES,40.7749371,-73.9123447
Q,Astoria-Ditmars Blvd,N W,Stair,YES,40.7748094,-73.9121624
Q,Astoria-Ditmars Blvd,N W,Stair,YES,40.775172,-73.9120581
Q,Astoria-Ditmars Blvd,N W,Stair,YES,40.7750479,-73.911877
Q,Astoria-Ditmars Blvd,N W,Easement - Passage,YES,40.7749098,-73.9119884
Q,Astoria Blvd,N W,Stair,YES,40.7703305,-73.9179733
Q,Astoria Blvd,N W,Stair,YES,40.7701847,-73.9177584
Q,Astoria Blvd,N W,Stair,YES,40.7710582,-73.9173326
Q,Astoria Blvd,N W,Stair,YES,40.77087,-73.916935
Q,Astoria Blvd,N W,Elevator,YES,40.770227,-73.9175874
Q,Astoria Blvd,N W,Elevator,YES,40.7710215,-73.9171929
Q,30 Av,N W,Stair,YES,40.766787,-73.921629
Q,30 Av,N W,Stair,YES,40.7667,-73.921406
Q,30 Av,N W,Stair,YES,40.7670762,-73.9214007
Q,30 Av,N W,Stair,YES,40.7669901,-73.9211808
Q,Broadway,N W,Stair,YES,40.7618934,-73.9256167
Q,Broadway,N W,Stair,YES,40.7617965,-73.9253995
Q,Broadway,N W,Stair,YES,40.7621671,-73.9253951
Q,Broadway,N W,Stair,YES,40.7620797,-73.9251671
Q,36 Av,N W,Stair,YES,40.7565079,-73.9299782
Q,36 Av,N W,Stair,YES,40.756783,-73.9297467
Q,36 Av,N W,Stair,YES,40.7564139,-73.9297574
Q,39 Av-Dutch Kills,N W,Stair,YES,40.7525155,-73.9329258
Q,39 Av-Dutch Kills,N W,Stair,YES,40.7528785,-73.9329192
M,Lexington Av/59 St,4 5 6 N R W,Stair,YES,40.7620908,-73.9663577
M,Lexington Av/59 St,4 5 6 N R W,Stair,YES,40.7623847,-73.9661407
M,Lexington Av/59 St,4 5 6 N R W,Stair,YES,40.7619934,-73.9661181
M,Lexington Av/59 St,4 5 6 N R W,Stair,YES,40.762282,-73.9659085
M,5 Av/59 St,N R W,Stair,YES,40.7651969,-73.9747154
M,5 Av/59 St,N R W,Easement - Street,YES,40.7648951,-73.9747024
M,5 Av/59 St,N R W,Stair,YES,40.7651096,-73.9744829
M,5 Av/59 St,N R W,Stair,YES,40.7653602,-73.9724734
M,5 Av/59 St,N R W,Stair,YES,40.7647645,-73.9724467
M,5 Av/59 St,N R W,Stair,YES,40.7647033,-73.9723011
M,5 Av/59 St,N R W,Stair,YES,40.7648261,-73.9721997
M,Canal St,6 J Z N Q R W,Stair,YES,40.7194985,-74.0022722
M,Canal St,6 J Z N Q R W,Stair,YES,40.7194186,-74.002157
M,Canal St,6 J Z N Q R W,Stair,YES,40.7196643,-74.0020178
M,Canal St,6 J Z N Q R W,Stair,YES,40.719587,-74.0019079
M,Canal St,6 J Z N Q R W,Stair,YES,40.7191996,-74.0018441
M,Canal St,6 J Z N Q R W,Stair,YES,40.7191509,-74.0017816
M,Canal St,6 J Z N Q R W,Easement - Street,YES,40.7195185,-74.0016183
M,City Hall,R W,Stair,YES,40.7131236,-74.0070415
M,City Hall,R W,Stair,YES,40.7134659,-74.0067485
M,City Hall,R W,Stair,YES,40.7135017,-74.0067238
M,Chambers St/WTC/Park Place/Cortlandt St,2 3 A C E R W,Easement - Street,YES,40.7101434,-74.0111427
M,Chambers St/WTC/Park Place/Cortlandt St,2 3 A C E R W,Stair,YES,40.710424,-74.0110847
M,Chambers St/WTC/Park Place/Cortlandt St,2 3 A C E R W,Stair,YES,40.7109036,-74.0107616
M,Chambers St/WTC/Park Place/Cortlandt St,2 3 A C E R W,Stair,YES,40.7111261,-74.0106162
M,Chambers St/WTC/Park Place/Cortlandt St,2 3 A C E R W,Station House,YES,40.710165,-74.009182
M,Chambers St/WTC/Park Place/Cortlandt St,2 3 A C E R W,Easement - Street,YES,40.7097799,-74.0102942
M,Chambers St/WTC/Park Place/Cortlandt St,2 3 A C E R W,Station House,YES,40.7104593,-74.0092735
M,Chambers St/WTC/Park Place/Cortlandt St,2 3 A C E R W,Station House,YES,40.7107493,-74.0090283
M,Chambers St/WTC/Park Place/Cortlandt St,2 3 A C E R W,Station House,YES,40.7107448,-74.0089504
M,Chambers St/WTC/Park Place/Cortlandt St,2 3 A C E R W,Station House,YES,40.71056,-74.0085957
M,Rector St,R W,Stair,YES,40.7063426,-74.014018
M,Rector St,R W,Stair,YES,40.7075497,-74.01322
M,Rector St,R W,Stair,YES,40.7076697,-74.0131438
M,Rector St,R W,Stair,YES,40.7078965,-74.0129911
M,Rector St,R W,Stair,YES,40.707609,-74.0129818
M,Rector St,R W,Stair,YES,40.7080998,-74.0128571
M,Rector St,R W,Stair,YES,40.7078334,-74.0128311
M,Rector St,R W,Stair,YES,40.7080408,-74.0126888
M,Whitehall St-South Ferry,1 R W,Stair,YES,40.7041502,-74.0133314
M,Whitehall St-South Ferry,1 R W,Stair,YES,40.7039956,-74.0133066
M,Whitehall St-South Ferry,1 R W,Stair,YES,40.7041181,-74.0129829
M,Whitehall St-South Ferry,1 R W,Stair,YES,40.7021206,-74.0126457
M,Whitehall St-South Ferry,1 R W,Stair/Escalator,YES,40.7016764,-74.0129619
M,Whitehall St-South Ferry,1 R W,Stair,YES,40.7019334,-74.0125934
B,Borough Hall/Court St,2 3 4 5 R,Stair,YES,40.6944821,-73.9928266
B,Borough Hall/Court St,2 3 4 5 R,Stair,YES,40.694232,-73.992635
B,Borough Hall/Court St,2 3 4 5 R,Stair,YES,40.6944216,-73.9926103
B,Jay St-MetroTech,A C F R,Stair,YES,40.692052,-73.986191
B,Jay St-MetroTech,A C F R,Stair,YES,40.6923585,-73.986175
B,Jay St-MetroTech,A C F R,Stair,YES,40.6921242,-73.9860742
B,Jay St-MetroTech,A C F R,Stair,YES,40.692269,-73.986061
B,Jay St-MetroTech,A C F R,Stair,YES,40.692031,-73.985395
B,Jay St-MetroTech,A C F R,Stair,YES,40.692315,-73.985172
B,Jay St-MetroTech,A C F R,Easement - Street,YES,40.6920651,-73.9851702
Bx,Van Cortlandt Park-242 St,1,Stair,YES,40.889783,-73.898432
Bx,Van Cortlandt Park-242 St,1,Stair,YES,40.890136,-73.898257
Bx,Van Cortlandt Park-242 St,1,Stair,YES,40.889683,-73.897925
Bx,Van Cortlandt Park-242 St,1,Stair,YES,40.889946,-73.897798
Bx,238 St,1,Stair,YES,40.884813,-73.900923
Bx,238 St,1,Stair,YES,40.8852451,-73.900452
Bx,231 St,1,Stair,YES,40.878775,-73.905024
Bx,231 St,1,Stair,YES,40.878694,-73.904821
Bx,231 St,1,Stair,YES,40.879168,-73.904751
Bx,231 St,1,Stair,YES,40.879091,-73.904538
Bx,231 St,1,Elevator,YES,40.8787791,-73.9046367
Bx,231 St,1,Elevator,YES,40.8789717,-73.9050678
M,Marble Hill-225 St,1,Stair,YES,40.8744658,-73.910563
M,Marble Hill-225 St,1,Stair,YES,40.8743203,-73.9098032
M,215 St,1,Stair,YES,40.869428,-73.9154543
M,215 St,1,Stair,YES,40.8693302,-73.9152315
M,215 St,1,Stair,YES,40.8697981,-73.915179
M,207 St,1,Stair,YES,40.8642822,-73.9192293
M,207 St,1,Stair,YES,40.8642605,-73.9189461
M,207 St,1,Stair,YES,40.8647513,-73.9188745
M,207 St,1,Stair,YES,40.8646144,-73.9186888
M,Dyckman St,1,Station House,YES,40.8611391,-73.9251315
M,191 St,1,Station House,YES,40.856413,-73.932605
M,191 St,1,Station House,YES,40.855374,-73.929536
M,181 St,1,Stair,YES,40.8491054,-73.9337519
M,181 St,1,Easement - Street,YES,40.8495727,-73.933351
M,168 St-Washington Hts,1 A C,Stair,YES,40.8408691,-73.9402106
M,168 St-Washington Hts,1 A C,Stair,YES,40.8410336,-73.9400969
M,168 St-Washington Hts,1 A C,Stair,YES,40.8407262,-73.9397252
M,157 St,1,Stair,YES,40.8342854,-73.9451903
M,157 St,1,Stair,YES,40.8342392,-73.9450726
M,157 St,1,Stair,YES,40.8338535,-73.9447553
M,157 St,1,Stair,YES,40.8338703,-73.9445935
M,145 St,1,Stair,YES,40.8266705,-73.9505231
M,145 St,1,Stair,YES,40.8262103,-73.9503932
M,145 St,1,Stair,YES,40.8265309,-73.9501591
M,137 St-City College,1,Stair,YES,40.8213608,-73.9544144
M,137 St-City College,1,Stair,YES,40.8215954,-73.9542336
M,137 St-City College,1,Stair,YES,40.8213989,-73.9539105
M,137 St-City College,1,Stair,YES,40.8214651,-73.9538617
M,125 St,1,Escalator,YES,40.8153339,-73.9588257
M,125 St,1,Escalator,YES,40.8157388,-73.9585275
M,125 St,1,Escalator,YES,40.8151608,-73.9584439
M,125 St,1,Stair,YES,40.8152606,-73.9583715
M,116 St-Columbia University,1,Stair,YES,40.8082656,-73.9639636
M,116 St-Columbia University,1,Stair,YES,40.8084113,-73.9638543
M,116 St-Columbia University,1,Stair,YES,40.8081156,-73.9636063
M,116 St-Columbia University,1,Stair,YES,40.8082611,-73.9634977
M,Cathedral Pkwy (110 St),1,Stair,YES,40.8044061,-73.966777
M,Cathedral Pkwy (110 St),1,Stair,YES,40.8039646,-73.9666339
M,Cathedral Pkwy (110 St),1,Stair,YES,40.8042714,-73.966413
M,103 St,1,Stair,YES,40.7992939,-73.9686826
M,103 St,1,Stair,YES,40.7994274,-73.9686148
M,103 St,1,Stair,YES,40.7991316,-73.9683278
M,103 St,1,Stair,YES,40.7992499,-73.9682674
M,96 St,1 2 3,Stair,YES,40.793077,-73.9731789
M,96 St,1 2 3,Stair,YES,40.7932219,-73.9730778
M,96 St,1 2 3,Stair,YES,40.7929331,-73.9728322
M,96 St,1 2 3,Stair,YES,40.7930775,-73.9727315
M,96 St,1 2 3,Station House,YES,40.7940752,-73.9722294
M,96 St,1 2 3,Station House,YES,40.7943215,-73.9720456
M,86 St,1,Stair,YES,40.7883789,-73.9768956
M,86 St,1,Stair,YES,40.7885233,-73.9767421
M,86 St,1,Easement - Street,YES,40.7890395,-73.9763287
M,86 St,1,Stair,YES,40.7881232,-73.9762958
M,86 St,1,Stair,YES,40.7882875,-73.9760838
M,79 St,1,Stair,YES,40.7837622,-73.9802909
M,79 St,1,Stair,YES,40.7840876,-73.980049
M,79 St,1,Stair,YES,40.7836285,-73.9799341
M,79 St,1,Stair,YES,40.7839996,-73.9796573
M,72 St,1 2 3,Station House,YES,40.7784472,-73.9819528
M,72 St,1 2 3,Station House,YES,40.77860001,-73.9819322
M,72 St,1 2 3,Station House,YES,40.7788959,-73.9818868
M,72 St,1 2 3,Station House,YES,40.7791489,-73.9818312
M,66 St-Lincoln Center,1,Elevator,YES,40.7735889,-73.9820215
M,66 St-Lincoln Center,1,Elevator,YES,40.7737597,-73.9824364
M,66 St-Lincoln Center,1,Stair,YES,40.773829,-73.982433
M,66 St-Lincoln Center,1,Stair,YES,40.7736414,-73.982431
M,66 St-Lincoln Center,1,Stair,YES,40.7736961,-73.98202
M,66 St-Lincoln Center,1,Stair,YES,40.7734779,-73.982018
M,66 St-Lincoln Center,1,Stair,YES,40.7726185,-73.9825096
M,66 St-Lincoln Center,1,Easement - Passage,YES,40.772741,-73.9825462
M,59 St-Columbus Circle,1 A C B D,Stair,YES,40.7693477,-73.9823068
M,59 St-Columbus Circle,1 A C B D,Stair,YES,40.7692671,-73.9823068
M,59 St-Columbus Circle,1 A C B D,Stair,YES,40.7688277,-73.9821169
M,59 St-Columbus Circle,1 A C B D,Stair,YES,40.7676644,-73.9814388
M,59 St-Columbus Circle,1 A C B D,Stair,YES,40.7676504,-73.9812302
M,59 St-Columbus Circle,1 A C B D,Stair,YES,40.7685822,-73.982112
M,50 St,1,Easement - Street,YES,40.7615236,-73.9844507
M,50 St,1,Easement - Street,YES,40.7616592,-73.9843289
M,50 St,1,Stair,YES,40.7612765,-73.9838216
M,50 St,1,Stair,YES,40.761364,-73.9837605
M,50 St,1,Easement - Street,YES,40.7611955,-73.9837075
M,50 St,1,Stair,YES,40.761325,-73.9836631
M,Times Sq-42 St/Port Authority Bus Terminal,1 2 3 7 A C E N Q R W S,Easement - Street,YES,40.754817,-73.9882354
M,Times Sq-42 St/Port Authority Bus Terminal,1 2 3 7 A C E N Q R W S,Stair,YES,40.7546185,-73.9878092
M,Times Sq-42 St/Port Authority Bus Terminal,1 2 3 7 A C E N Q R W S,Easement - Street,YES,40.7555721,-73.9876725
M,Times Sq-42 St/Port Authority Bus Terminal,1 2 3 7 A C E N Q R W S,Easement - Street,YES,40.7561323,-73.9875149
M,Times Sq-42 St/Port Authority Bus Terminal,1 2 3 7 A C E N Q R W S,Stair,YES,40.755248,-73.987362
M,Times Sq-42 St/Port Authority Bus Terminal,1 2 3 7 A C E N Q R W S,Easement - Street,YES,40.7563493,-73.9872942
M,Times Sq-42 St/Port Authority Bus Terminal,1 2 3 7 A C E N Q R W S,Stair,YES,40.7551794,-73.9871944
M,Times Sq-42 St/Port Authority Bus Terminal,1 2 3 7 A C E N Q R W S,Easement - Street,YES,40.7558569,-73.9868078
M,Times Sq-42 St/Port Authority Bus Terminal,1 2 3 7 A C E N Q R W S,Stair,YES,40.7555881,-73.9863448
M,Times Sq-42 St,1 2 3 7 A C E N Q R W S,Easement - Street,YES,40.755862,-73.9869267
M,34 St-Penn Station,1 2 3,Easement - Passage,YES,40.7498879,-73.9918114
M,34 St-Penn Station,1 2 3,Easement - Street,YES,40.7505404,-73.9913529
M,34 St-Penn Station,1 2 3,Easement - Street,YES,40.751066,-73.9911404
M,34 St-Penn Station,1 2 3,Easement - Street,YES,40.7496113,-73.9910228
M,34 St-Penn Station,1 2 3,Stair,YES,40.7509665,-73.9908876
M,34 St-Penn Station,1 2 3,Stair,YES,40.7503272,-73.9908869
M,34 St-Penn Station,1 2 3,Stair,YES,40.7512038,-73.9907529
M,34 St-Penn Station,1 2 3,Easement - Street,YES,40.7500804,-73.9907021
M,34 St-Penn Station,1 2 3,Easement - Street,YES,40.7507624,-73.9903986
M,34 St-Penn Station,1 2 3,Stair,YES,40.751027,-73.9903473
M,34 St-Penn Station,1 2 3,Easement - Passage,YES,40.7503288,-73.9914807
M,28 St,1,Stair,YES,40.7472595,-73.9935916
M,28 St,1,Stair,YES,40.7473836,-73.9934959
M,28 St,1,Stair,YES,40.7470999,-73.9932219
M,28 St,1,Stair,YES,40.7472356,-73.9931424
M,23 St,1,Stair,YES,40.7440065,-73.9959143
M,23 St,1,Stair,YES,40.7443252,-73.9958344
M,23 St,1,Stair,YES,40.7438738,-73.9956323
M,23 St,1,Stair,YES,40.7441139,-73.995324
M,18 St,1,Stair,YES,40.7410753,-73.9980934
M,18 St,1,Stair,YES,40.7412046,-73.9980115
M,18 St,1,Stair,YES,40.7409199,-73.9977262
M,18 St,1,Stair,YES,40.7410343,-73.9976084
M,14 St/6 Av,1 2 3 L F M,Stair,YES,40.7374025,-74.0008499
M,14 St/6 Av,1 2 3 L F M,Stair,YES,40.7372034,-74.0003842
M,14 St/6 Av,1 2 3 L F M,Stair,YES,40.7385531,-74.0000082
M,14 St/6 Av,1 2 3 L F M,Stair,YES,40.7388022,-73.9997036
M,14 St/6 Av,1 2 3 L F M,Stair,YES,40.7383157,-73.9996827
M,14 St/6 Av,1 2 3 L F M,Stair,YES,40.7385817,-73.9993871
M,Christopher St-Stonewall,1,Stair,YES,40.7335094,-74.0031819
M,Christopher St-Stonewall,1,Stair,YES,40.7336325,-74.0031477
M,Christopher St-Stonewall,1,Stair,YES,40.7334528,-74.0030886
M,Christopher St-Stonewall,1,Stair,YES,40.7336571,-74.0029893
M,Christopher St-Stonewall,1,Stair,YES,40.7334138,-74.0027719
M,Houston St,1,Stair,YES,40.7278265,-74.0056485
M,Houston St,1,Stair,YES,40.7279845,-74.0056278
M,Houston St,1,Stair,YES,40.7285506,-74.0055379
M,Houston St,1,Stair,YES,40.7287096,-74.0055131
M,Houston St,1,Stair,YES,40.7277071,-74.0052881
M,Houston St,1,Stair,YES,40.7280475,-74.0052406
M,Houston St,1,Stair,YES,40.7284389,-74.0051786
M,Houston St,1,Stair,YES,40.7286648,-74.0050498
M,Canal St,1,Stair,YES,40.7229619,-74.0066299
M,Canal St,1,Stair,YES,40.7228699,-74.0065011
M,Canal St,1,Stair,YES,40.7225992,-74.0061226
M,Canal St,1,Stair,YES,40.7224921,-74.0059728
M,Franklin St,1,Stair,YES,40.7189487,-74.0071251
M,Franklin St,1,Stair,YES,40.7192851,-74.0070645
M,Franklin St,1,Stair,YES,40.718981,-74.006687
M,Chambers St,1 2 3,Stair,YES,40.7155528,-74.0094938
M,Chambers St,1 2 3,Stair,YES,40.7154451,-74.009467
M,Chambers St,1 2 3,Stair,YES,40.7157126,-74.0093289
M,Chambers St,1 2 3,Stair,YES,40.7153917,-74.0091988
M,Chambers St,1 2 3,Stair,YES,40.7155616,-74.009076
M,Chambers St,1 2 3,Elevator,YES,40.7158293,-74.009318
M,WTC Cortlandt,1,Stair,YES,40.7110837,-74.0124731
M,WTC Cortlandt,1,Stair,YES,40.7108341,-74.0125634
M,WTC Cortlandt,1,Stair,YES,40.7126849,-74.0119518
M,WTC Cortlandt,1,Stair,YES,40.7127566,-74.0119269
M,WTC Cortlandt,1,Elevator,YES,40.7125321,-74.0120009
M,WTC Cortlandt,1,Easement - Passage,YES,40.7118357,-74.0119771
M,WTC Cortlandt,1,Easement - Passage,YES,40.7110514,-74.0121697
M,WTC Cortlandt,1,Easement - Passage,YES,40.7116277,-74.012288
M,WTC Cortlandt,1,Easement - Passage,YES,40.7120642,-74.0120408
M,Rector St,1,Stair,YES,40.706493,-74.014319
M,Rector St,1,Stair,YES,40.706527,-74.014144
M,Rector St,1,Stair,YES,40.7066037,-74.0141117
M,Rector St,1,Stair,YES,40.7075992,-74.0138384
M,Rector St,1,Stair,YES,40.708224,-74.0135669
M,Rector St,1,Stair,YES,40.7080393,-74.0134876
M,Whitehall St-South Ferry,1 R W,Escalator,YES,40.701974,-74.0133104
M,Whitehall St-South Ferry,1 R W,Elevator,YES,40.7018259,-74.0130024
M,Whitehall St-South Ferry,1 R W,Stair,YES,40.7027994,-74.0145006
M,57 St-7 Av,N Q R W,Stair,YES,40.7642779,-73.9812874
M,57 St-7 Av,N Q R W,Stair,YES,40.7643974,-73.9811892
M,57 St-7 Av,N Q R W,Stair,YES,40.7640707,-73.9808046
M,57 St-7 Av,N Q R W,Stair,YES,40.7641775,-73.9806726
M,57 St-7 Av,N Q R W,Stair,YES,40.7653672,-73.9803555
M,57 St-7 Av,N Q R W,Stair,YES,40.7652809,-73.9800466
M,57 St-7 Av,N Q R W,Stair,YES,40.7657965,-73.9800241
M,57 St-7 Av,N Q R W,Stair,YES,40.7656338,-73.9797767
M,57 St-7 Av,N Q R W,Elevator,YES,40.7641774,-73.9807454
M,57 St-7 Av,N Q R W,Elevator,YES,40.7655213,-73.9803002
M,49 St,N R W,Easement - Street,YES,40.7594831,-73.9848474
M,49 St,N R W,Stair,YES,40.7594309,-73.9846966
M,49 St,N R W,Easement - Street,YES,40.75903,-73.984412
M,49 St,N R W,Stair,YES,40.7604794,-73.9839245
M,49 St,N R W,Easement - Street,YES,40.760652,-73.9838835
M,49 St,N R W,Stair,YES,40.7603322,-73.9835424
M,49 St,N R W,Easement - Street,YES,40.7604752,-73.9834438
M,Times Sq-42 St/Port Authority Bus Terminal,1 2 3 7 A C E N Q R W S,Stair,YES,40.7545181,-73.9871143
M,Times Sq-42 St/Port Authority Bus Terminal,1 2 3 7 A C E N Q R W S,Stair,YES,40.7543279,-73.987068
M,Times Sq-42 St/Port Authority Bus Terminal,1 2 3 7 A C E N Q R W S,Stair,YES,40.7541866,-73.9867191
M,Times Sq-42 St/Port Authority Bus Terminal,1 2 3 7 A C E N Q R W S,Stair,YES,40.7543135,-73.9866372
M,14 St-Union Sq,4 5 6 L N Q R W,Stair,YES,40.735276,-73.9910998
M,14 St-Union Sq,4 5 6 L N Q R W,Stair,YES,40.7363092,-73.9906322
M,14 St-Union Sq,4 5 6 L N Q R W,Stair,YES,40.7365493,-73.9904348
M,14 St-Union Sq,4 5 6 L N Q R W,Stair,YES,40.735311,-73.990265
M,34 St-Herald Sq,B D F M N Q R W,Stair,YES,40.7484603,-73.9883026
M,34 St-Herald Sq,B D F M N Q R W,Stair,YES,40.7483074,-73.9880268
M,34 St-Herald Sq,B D F M N Q R W,Stair,YES,40.7495823,-73.9876057
M,34 St-Herald Sq,B D F M N Q R W,Stair,YES,40.7499328,-73.9875036
M,34 St-Herald Sq,B D F M N Q R W,Stair,YES,40.7485524,-73.9885035
M,28 St,R W,Stair,YES,40.745509,-73.989051
M,28 St,R W,Stair,YES,40.7452802,-73.9889048
M,28 St,R W,Stair,YES,40.7453112,-73.9885799
M,28 St,R W,Stair,YES,40.7451276,-73.9885424
M,23 St,R W,Stair,YES,40.741247,-73.9896749
M,23 St,R W,Stair,YES,40.7419224,-73.989431
M,23 St,R W,Stair,YES,40.740643,-73.989217
M,23 St,R W,Stair,YES,40.74108,-73.989083
M,23 St,R W,Stair,YES,40.7415795,-73.9889941
M,23 St,R W,Stair,YES,40.741142,-73.988956
M,23 St,R W,Stair,YES,40.7413694,-73.9888623
M,8 St-NYU,R W,Stair,YES,40.729778,-73.993262
M,8 St-NYU,R W,Stair,YES,40.729692,-73.9930389
M,8 St-NYU,R W,Stair,YES,40.7306565,-73.9927468
M,8 St-NYU,R W,Stair,YES,40.7307797,-73.9926496
M,8 St-NYU,R W,Stair,YES,40.7305944,-73.9925979
M,8 St-NYU,R W,Stair,YES,40.7307252,-73.9925101
M,8 St-NYU,R W,Stair,YES,40.7305076,-73.9923238
M,8 St-NYU,R W,Stair,YES,40.7306012,-73.9922105
M,Prince St,R W,Stair,YES,40.7242611,-73.9979364
M,Prince St,R W,Stair,YES,40.7243543,-73.9978724
M,Prince St,R W,Stair,YES,40.724124,-73.997686
M,Prince St,R W,Stair,YES,40.7242283,-73.9976317
M,Chambers St/WTC/Park Place/Cortlandt St,2 3 A C E R W,Easement - Passage,YES,40.7100644,-74.0115928
M,Chambers St/WTC/Park Place/Cortlandt St,2 3 A C E R W,Easement - Passage,YES,40.711142,-74.0108202
M,Chambers St/WTC/Park Place/Cortlandt St,2 3 A C E R W,Easement - Passage,YES,40.7112115,-74.0106761
M,Chambers St/WTC/Park Place/Cortlandt St,2 3 A C E R W,Easement - Passage,YES,40.7110042,-74.0107888
B,DeKalb Av,B Q R,Easement - Street,YES,40.6912625,-73.9823804
B,DeKalb Av,B Q R,Stair,YES,40.6915722,-73.982048
B,DeKalb Av,B Q R,Easement - Street,YES,40.68981,-73.981651
B,DeKalb Av,B Q R,Easement - Street,YES,40.689804,-73.981164
B,DeKalb Av,B Q R,Easement - Street,YES,40.68974,-73.981156
B,DeKalb Av,B Q R,Easement - Street,YES,40.689817,-73.981082
B,Atlantic Av-Barclays Ctr,2 3 4 5 B D N Q R,Easement - Street,YES,40.6852595,-73.9775209
B,Atlantic Av-Barclays Ctr,2 3 4 5 B D N Q R,Easement - Street,YES,40.6834124,-73.9765033
B,7 Av,B Q,Stair,YES,40.677365,-73.972788
B,7 Av,B Q,Stair,YES,40.6773368,-73.9721942
B,Prospect Park,B Q S,Station House,YES,40.6623162,-73.9622109
B,Prospect Park,B Q S,Station House,YES,40.6608149,-73.962115
B,Parkside Av,Q,Station House,YES,40.655248,-73.9615144
B,Church Av,B Q,Station House,YES,40.649458,-73.9633573
B,Church Av,B Q,Station House,YES,40.651482,-73.962732
B,Beverley Rd,Q,Station House,YES,40.644272,-73.964528
B,Cortelyou Rd,Q,Station House,YES,40.641314,-73.963996
B,Newkirk Plaza,B Q,Station House,YES,40.6350503,-73.9627394
B,Newkirk Plaza,B Q,Station House,YES,40.6350403,-73.9628408
B,Avenue H,Q,Station House,YES,40.62993,-73.961477
B,Avenue H,Q,Ramp,YES,40.6299848,-73.9616323
B,Avenue H,Q,Station House,YES,40.629916,-73.9614637
B,Avenue H,Q,Station House,YES,40.6301156,-73.962035
B,Avenue J,Q,Stair,YES,40.6253471,-73.9610073
B,Avenue J,Q,Station House,YES,40.6251468,-73.9607947
B,Avenue J,Q,Stair,YES,40.625352,-73.9605856
B,Avenue M,Q,Stair,YES,40.6181527,-73.9594627
B,Avenue M,Q,Station House,YES,40.6179244,-73.959454
B,Kings Hwy,B Q,Station House,YES,40.609062,-73.957808
B,Kings Hwy,B Q,Station House,YES,40.608835,-73.957769
B,Kings Hwy,B Q,Station House,YES,40.608319,-73.957352
B,Avenue U,Q,Station House,YES,40.5990226,-73.9558565
B,Neck Rd,Q,Station House,YES,40.5950522,-73.9551299
B,Neck Rd,Q,Station House,YES,40.595075,-73.9549866
B,Sheepshead Bay,B Q,Station House,YES,40.585734,-73.954371
B,Sheepshead Bay,B Q,Station House,YES,40.587302,-73.954224
B,Brighton Beach,B Q,Stair,YES,40.5775938,-73.9621381
B,Brighton Beach,B Q,Stair,YES,40.5773574,-73.9620846
B,Brighton Beach,B Q,Stair,YES,40.5776423,-73.9619059
B,Brighton Beach,B Q,Stair,YES,40.5774184,-73.9618378
B,Brighton Beach,B Q,Stair,YES,40.577931,-73.960524
B,Brighton Beach,B Q,Stair,YES,40.577697,-73.960438
B,Brighton Beach,B Q,Stair,YES,40.577746,-73.960231
B,Brighton Beach,B Q,Escalator,YES,40.5779976,-73.960193
B,Ocean Pkwy,Q,Stair,YES,40.5765342,-73.9696213
B,Ocean Pkwy,Q,Stair,YES,40.5765226,-73.969391
B,Ocean Pkwy,Q,Stair,YES,40.576423,-73.967894
B,Ocean Pkwy,Q,Stair,YES,40.5762228,-73.967881
B,Ocean Pkwy,Q,Stair,YES,40.576444,-73.9676189
B,Ocean Pkwy,Q,Stair,YES,40.5762457,-73.9675929
B,W 8 St-NY Aquarium,F Q,Ramp,YES,40.5756165,-73.976811
B,W 8 St-NY Aquarium,F Q,Stair,YES,40.5757138,-73.976792
B,W 8 St-NY Aquarium,F Q,Stair,YES,40.5759722,-73.97675
B,W 8 St-NY Aquarium,F Q,Stair,YES,40.576464,-73.974862
M,14 St/8 Av,A C E L,Stair,YES,40.739744,-74.0028317
M,14 St/8 Av,A C E L,Stair,YES,40.7395548,-74.002379
M,14 St/6 Av,1 2 3 L F M,Stair,YES,40.7372217,-73.9967281
M,14 St/6 Av,1 2 3 L F M,Stair,YES,40.7371466,-73.9965569
M,14 St-Union Sq,4 5 6 L N Q R W,Stair,YES,40.7348918,-73.9913166
M,14 St-Union Sq,4 5 6 L N Q R W,Stair,YES,40.734755,-73.990991
M,3 Av,L,Stair,YES,40.7331516,-73.9870664
M,3 Av,L,Stair,YES,40.7332929,-73.9869546
M,3 Av,L,Stair,YES,40.7329604,-73.9866278
M,3 Av,L,Stair,YES,40.733112,-73.9865119
M,1 Av,L,Stair,YES,40.7310897,-73.9826309
M,1 Av,L,Stair,YES,40.7312094,-73.9825455
M,1 Av,L,Stair,YES,40.7314941,-73.9821471
M,1 Av,L,Stair,YES,40.7314051,-73.9821094
M,1 Av,L,Stair,YES,40.7305731,-73.9805094
M,1 Av,L,Stair,YES,40.7307014,-73.9807914
M,1 Av,L,Stair,YES,40.7304478,-73.9806762
M,1 Av,L,Stair,YES,40.7304066,-73.9805757
M,1 Av,L,Elevator,YES,40.7306737,-73.9807198
M,1 Av,L,Elevator,YES,40.7305247,-73.9808688
B,Bedford Av,L,Stair,YES,40.717669,-73.957588
B,Bedford Av,L,Stair,YES,40.717778,-73.9574692
B,Bedford Av,L,Stair,YES,40.7169125,-73.9563763
B,Bedford Av,L,Stair,YES,40.7170278,-73.9562626
B,Bedford Av,L,Stair,YES,40.7171349,-73.9562734
B,Bedford Av,L,Stair,YES,40.7168959,-73.9565414
B,Bedford Av,L,Elevator,YES,40.7179059,-73.9575989
B,Bedford Av,L,Stair,YES,40.7179977,-73.9574904
B,Bedford Av,L,Stair,YES,40.7176329,-73.9578755
B,Metropolitan Av/Lorimer St,G L,Stair,YES,40.71421,-73.949313
B,Metropolitan Av/Lorimer St,G L,Stair,YES,40.713908,-73.949262
B,Metropolitan Av/Lorimer St,G L,Elevator,YES,40.7142503,-73.9494571
B,Metropolitan Av/Lorimer St,G L,Stair,YES,40.7139683,-73.9494578
B,Graham Av,L,Stair,YES,40.7146301,-73.9445676
B,Graham Av,L,Stair,YES,40.714433,-73.944527
B,Graham Av,L,Stair,YES,40.7146835,-73.9442869
B,Graham Av,L,Stair,YES,40.714469,-73.944168
B,Grand St,L,Stair,YES,40.7121964,-73.9406655
B,Grand St,L,Stair,YES,40.7120373,-73.9409211
B,Grand St,L,Stair,YES,40.71184,-73.940866
B,Grand St,L,Stair,YES,40.7119284,-73.9404224
B,Grand St,L,Elevator,YES,40.7120808,-73.9405205
B,Grand St,L,Elevator,YES,40.712122,-73.9408551
B,Montrose Av,L,Stair,YES,40.7077427,-73.9401016
B,Montrose Av,L,Stair,YES,40.70786,-73.939744
B,Morgan Av,L,Station House,YES,40.7061192,-73.9336391
B,Morgan Av,L,Stair,YES,40.7062261,-73.9319589
B,Morgan Av,L,Stair,YES,40.706317,-73.931696
B,Jefferson St,L,Station House,YES,40.7070877,-73.9238656
B,Jefferson St,L,Station House,YES,40.7072435,-73.9237169
B,Jefferson St,L,Stair,YES,40.7060881,-73.9223107
B,Jefferson St,L,Stair,YES,40.7063256,-73.92207
B,Jefferson St,L,Stair,YES,40.7059411,-73.922014
B,Jefferson St,L,Stair,YES,40.706239,-73.921905
B,DeKalb Av,L,Stair,YES,40.704353,-73.919463
B,DeKalb Av,L,Stair,YES,40.704175,-73.919262
B,DeKalb Av,L,Stair,YES,40.704455,-73.919218
B,DeKalb Av,L,Stair,YES,40.704374,-73.91906
B,DeKalb Av,L,Stair,YES,40.7033642,-73.917953
B,DeKalb Av,L,Stair,YES,40.7035492,-73.9177737
B,DeKalb Av,L,Stair,YES,40.703248,-73.91772
B,DeKalb Av,L,Stair,YES,40.703475,-73.917601
Q,Myrtle-Wyckoff Avs,M L,Stair,YES,40.6997979,-73.9113533
Q,Myrtle-Wyckoff Avs,M L,Station House,YES,40.699735,-73.910998
Q,Myrtle-Wyckoff Avs,M L,Stair,YES,40.699529,-73.910711
B,Halsey St,L,Stair,YES,40.6959986,-73.905269
B,Halsey St,L,Stair,YES,40.6958822,-73.9051477
Q,Halsey St,L,Stair,YES,40.6960624,-73.9046616
Q,Halsey St,L,Stair,YES,40.696117,-73.904416
Q,Halsey St,L,Stair,YES,40.695213,-73.903694
Q,Halsey St,L,Stair,YES,40.695186,-73.903065
B,Wilson Av,L,Station House,YES,40.688805,-73.904741
B,Bushwick Av-Aberdeen St,L,Station House,YES,40.6823234,-73.9051549
B,Atlantic Av,L,Stair,YES,40.67556092,-73.9029737
B,Atlantic Av,L,Stair,YES,40.6756103,-73.9028838
B,Atlantic Av,L,Stair,YES,40.67539,-73.902594
B,Sutter Av,L,Stair,YES,40.668527,-73.901765
B,Livonia Av,L,Station House,YES,40.6638732,-73.9005254
B,Livonia Av,L,Stair,YES,40.6637337,-73.9006329
B,New Lots Av,L,Stair,YES,40.6590028,-73.8993145
B,East 105 St,L,Stair,YES,40.651462,-73.899191
B,East 105 St,L,Stair,YES,40.6513481,-73.8988596
B,Canarsie-Rockaway Pkwy,L,Station House,YES,40.645585,-73.902541
B,Canarsie-Rockaway Pkwy,L,Walkway,YES,40.6455493,-73.9025079
B,Canarsie-Rockaway Pkwy,L,Walkway,YES,40.6459773,-73.9017217
B,Canarsie-Rockaway Pkwy,L,Walkway,YES,40.6457226,-73.9025381
M,Chambers St/WTC/Park Place/Cortlandt St,2 3 A C E R W,Stair,YES,40.7127066,-74.0077505
M,Fulton St,2 3 4 5 A C J Z,Easement - Passage,YES,40.7089354,-74.0069749
M,Fulton St,2 3 4 5 A C J Z,Easement - Street,YES,40.7085594,-74.0069342
M,Fulton St,2 3 4 5 A C J Z,Easement - Street,YES,40.7091436,-74.0067881
M,Fulton St,2 3 4 5 A C J Z,Stair,YES,40.7094436,-74.0063618
M,Fulton St,2 3 4 5 A C J Z,Easement - Street,YES,40.7094601,-74.0060568
M,Fulton St,2 3 4 5 A C J Z,Easement - Street,YES,40.7096858,-74.0062209
M,Fulton St,2 3 4 5 A C J Z,Easement - Street,YES,40.7095225,-74.0065758
M,Fulton St,2 3 4 5 A C J Z,Easement - Street,YES,40.7095561,-74.0065915
M,Fulton St,2 3 4 5 A C J Z,Easement - Street,YES,40.7095987,-74.006677
M,Wall St,2 3,Stair,YES,40.7063517,-74.0096437
M,Wall St,2 3,Stair,YES,40.7065318,-74.0095742
M,Wall St,2 3,Stair,YES,40.706277,-74.0094924
M,Wall St,2 3,Stair,YES,40.7063799,-74.0093214
M,Wall St,2 3,Easement - Passage,YES,40.7074605,-74.0087297
M,Wall St,2 3,Easement - Street,YES,40.706645,-74.0086351
M,Wall St,2 3,Easement - Passage,YES,40.706586,-74.0087004
M,Wall St,2 3,Easement - Street,YES,40.7080774,-74.0097526
B,Clark St,2 3,Easement - Street,YES,40.6976131,-73.9933883
B,Clark St,2 3,Easement - Street,YES,40.6976945,-73.993039
B,Borough Hall/Court St,2 3 4 5 R,Stair,YES,40.6937353,-73.9906256
B,Borough Hall/Court St,2 3 4 5 R,Stair,YES,40.6935805,-73.9905934
B,Borough Hall/Court St,2 3 4 5 R,Elevator,YES,40.693594,-73.990304
B,Borough Hall/Court St,2 3 4 5 R,Stair,YES,40.6938431,-73.9901136
Bx,Norwood-205 St,D,Stair,YES,40.8750794,-73.8796013
Bx,Norwood-205 St,D,Stair,YES,40.8748767,-73.8793057
Bx,Norwood-205 St,D,Stair,YES,40.874262,-73.877533
Bx,Norwood-205 St,D,Stair,YES,40.874021,-73.877501
Bx,Bedford Park Blvd,B D,Stair,YES,40.8724884,-73.8879163
Bx,Bedford Park Blvd,B D,Underpass,YES,40.87225,-73.8878889
Bx,Bedford Park Blvd,B D,Stair,YES,40.872135,-73.887459
Bx,Bedford Park Blvd,B D,Stair,YES,40.874084,-73.887112
Bx,Bedford Park Blvd,B D,Stair,YES,40.8740562,-73.886459
Bx,Bedford Park Blvd,B D,Elevator,YES,40.8724632,-73.8877139
Bx,Kingsbridge Rd,B D,Stair,YES,40.866369,-73.894521
Bx,Kingsbridge Rd,B D,Underpass,YES,40.866181,-73.894306
Bx,Kingsbridge Rd,B D,Stair,YES,40.866127,-73.893982
Bx,Kingsbridge Rd,B D,Stair,YES,40.868114,-73.893195
Bx,Kingsbridge Rd,B D,Stair,YES,40.867688,-73.892739
Bx,Kingsbridge Rd,B D,Elevator,YES,40.8662362,-73.8939553
Bx,Fordham Rd,B D,Stair,YES,40.861401,-73.898098
Bx,Fordham Rd,B D,Stair,YES,40.861147,-73.897424
Bx,Fordham Rd,B D,Stair,YES,40.8613433,-73.8973892
Bx,Fordham Rd,B D,Stair,YES,40.862296,-73.896885
Bx,Fordham Rd,B D,Stair,YES,40.862608,-73.896662
Bx,Fordham Rd,B D,Stair,YES,40.8616153,-73.8980324
Bx,182-183 Sts,B D,Stair,YES,40.8560263,-73.9011541
Bx,182-183 Sts,B D,Stair,YES,40.8562558,-73.9011237
Bx,182-183 Sts,B D,Stair,YES,40.855864,-73.900484
Bx,182-183 Sts,B D,Stair,YES,40.8560732,-73.9004317
Bx,Tremont Av,B D,Stair,YES,40.849864,-73.906084
Bx,Tremont Av,B D,Stair,YES,40.8501336,-73.9058403
Bx,Tremont Av,B D,Stair,YES,40.849968,-73.905226
Bx,Tremont Av,B D,Stair,YES,40.851052,-73.905093
Bx,Tremont Av,B D,Stair,YES,40.851176,-73.904263
Bx,Tremont Av,B D,Elevator,YES,40.8497388,-73.9054655
Bx,174-175 Sts,B D,Underpass,YES,40.8449373,-73.9111261
Bx,174-175 Sts,B D,Stair,YES,40.8449405,-73.9108702
Bx,174-175 Sts,B D,Stair,YES,40.8465533,-73.9097033
Bx,174-175 Sts,B D,Stair,YES,40.8462886,-73.9091795
Bx,170 St,B D,Stair,YES,40.8386549,-73.9141871
Bx,170 St,B D,Stair,YES,40.8390093,-73.9140611
Bx,170 St,B D,Stair,YES,40.838421,-73.913626
Bx,170 St,B D,Stair,YES,40.8401158,-73.913341
Bx,170 St,B D,Stair,YES,40.839751,-73.912743
Bx,167 St,B D,Stair,YES,40.833111,-73.919399
Bx,167 St,B D,Stair,YES,40.8344442,-73.9181785
Bx,167 St,B D,Stair,YES,40.8348169,-73.9178219
Bx,167 St,B D,Stair,YES,40.834286,-73.917562
Bx,167 St,B D,Stair,YES,40.834609,-73.917245
Bx,161 St-Yankee Stadium,4 B D,Stair,YES,40.827471,-73.92625
Bx,161 St-Yankee Stadium,4 B D,Stair,YES,40.827545,-73.926202
Bx,161 St-Yankee Stadium,4 B D,Stair,YES,40.827488,-73.926004
Bx,161 St-Yankee Stadium,4 B D,Elevator,YES,40.8279978,-73.9256438
Bx,161 St-Yankee Stadium,4 B D,Stair,YES,40.828011,-73.925588
Bx,161 St-Yankee Stadium,4 B D,Underpass,YES,40.827372,-73.924217
Bx,161 St-Yankee Stadium,4 B D,Stair,YES,40.8275497,-73.9241533
Bx,161 St-Yankee Stadium,4 B D,Stair,YES,40.8275867,-73.9240206
M,155 St,B D,Easement - Street,YES,40.830313,-73.936687
B,Greenpoint Av,G,Elevator,YES,40.7306151,-73.9542445
Q,Court Sq-23 St,7 E M G,Stair,YES,40.7462617,-73.9448587
Q,Court Sq-23 St,7 E M G,Stair,YES,40.746243,-73.944011
Q,Court Sq-23 St,7 E M G,Easement - Street,YES,40.7468858,-73.9435169
Q,21 St,G,Stair,YES,40.7446383,-73.9491112
Q,21 St,G,Stair,YES,40.7447796,-73.9486573
Q,21 St,G,Stair,YES,40.7445708,-73.9484128
B,Greenpoint Av,G,Stair,YES,40.732247,-73.954772
B,Greenpoint Av,G,Stair,YES,40.7302871,-73.9544914
B,Greenpoint Av,G,Stair,YES,40.732273,-73.954444
B,Greenpoint Av,G,Stair,YES,40.7301032,-73.9543537
B,Greenpoint Av,G,Stair,YES,40.730148,-73.954071
B,Nassau Av,G,Stair,YES,40.7254669,-73.9519718
B,Nassau Av,G,Stair,YES,40.725588,-73.951602
B,Nassau Av,G,Stair,YES,40.7238047,-73.9509807
B,Nassau Av,G,Stair,YES,40.723666,-73.950898
B,Nassau Av,G,Stair,YES,40.7239038,-73.9506742
B,Nassau Av,G,Stair,YES,40.723754,-73.950633
B,Metropolitan Av/Lorimer St,G L,Stair,YES,40.7139407,-73.951735
B,Metropolitan Av/Lorimer St,G L,Stair,YES,40.7137705,-73.9514443
B,Metropolitan Av/Lorimer St,G L,Stair,YES,40.7137476,-73.9517731
B,Metropolitan Av/Lorimer St,G L,Stair,YES,40.7141736,-73.9512734
B,Metropolitan Av/Lorimer St,G L,Stair,YES,40.7117542,-73.9514594
B,Metropolitan Av/Lorimer St,G L,Stair,YES,40.711795,-73.9510425
B,Metropolitan Av/Lorimer St,G L,Elevator,YES,40.7139068,-73.9515033
B,Broadway,G,Stair,YES,40.7055155,-73.9505395
B,Broadway,G,Stair,YES,40.7052004,-73.9503254
B,Broadway,G,Stair,YES,40.7055052,-73.9500903
B,Broadway,G,Stair,YES,40.7051226,-73.950064
B,Flushing Av,G,Stair,YES,40.699582,-73.950164
B,Flushing Av,G,Stair,YES,40.6999886,-73.9499332
B,Myrtle-Willoughby Avs,G,Stair,YES,40.695456,-73.9494675
B,Myrtle-Willoughby Avs,G,Stair,YES,40.6955179,-73.9489642
B,Bedford-Nostrand Avs,G,Stair,YES,40.6895625,-73.9549988
B,Bedford-Nostrand Avs,G,Stair,YES,40.689367,-73.954957
B,Bedford-Nostrand Avs,G,Stair,YES,40.689995,-73.951616
B,Bedford-Nostrand Avs,G,Stair,YES,40.689757,-73.951612
B,Classon Av,G,Stair,YES,40.6889585,-73.9602224
B,Classon Av,G,Stair,YES,40.6887778,-73.9601944
B,Classon Av,G,Stair,YES,40.688781,-73.959871
B,Clinton-Washington Avs,G,Stair,YES,40.687875,-73.967931
B,Clinton-Washington Avs,G,Stair,YES,40.6881201,-73.9675187
B,Clinton-Washington Avs,G,Stair,YES,40.68846,-73.965749
B,Clinton-Washington Avs,G,Stair,YES,40.688157,-73.965579
B,Fulton St,G,Stair,YES,40.6871809,-73.9768588
B,Fulton St,G,Stair,YES,40.6871666,-73.9762873
B,Fulton St,G,Stair,YES,40.6870404,-73.9747032
B,Fulton St,G,Stair,YES,40.6873938,-73.9747688
Bx,Eastchester-Dyre Av,5,Station House,YES,40.88798,-73.831195
Bx,Baychester Av,5,Station House,YES,40.879519,-73.837958
Bx,Gun Hill Rd,5,Station House,YES,40.870117,-73.845869
Bx,Pelham Pkwy,5,Station House,YES,40.8588167,-73.8555237
Bx,Morris Park,5,Station House,YES,40.854544,-73.860248
B,Hoyt St,2 3,Stair,YES,40.690972,-73.985448
B,Hoyt St,2 3,Stair,YES,40.6903579,-73.985347
B,Hoyt St,2 3,Stair,YES,40.690931,-73.98525
B,Hoyt St,2 3,Stair,YES,40.690464,-73.9843261
B,Hoyt St,2 3,Stair,YES,40.6899591,-73.9842782
B,Hoyt St,2 3,Easement - Street,YES,40.6906368,-73.9855806
B,Nevins St,2 3 4 5,Stair,YES,40.6882442,-73.9806363
B,Nevins St,2 3 4 5,Stair,YES,40.6880733,-73.980512
B,Nevins St,2 3 4 5,Stair,YES,40.688243,-73.980356
B,Nevins St,2 3 4 5,Stair,YES,40.688085,-73.980243
B,Atlantic Av-Barclays Ctr,2 3 4 5 B D N Q R,Easement - Street,YES,40.6847822,-73.9777299
B,Atlantic Av-Barclays Ctr,2 3 4 5 B D N Q R,Easement - Street,YES,40.6850449,-73.9775295
B,Atlantic Av-Barclays Ctr,2 3 4 5 B D N Q R,Easement - Passage,YES,40.6848342,-73.9775164
B,Atlantic Av-Barclays Ctr,2 3 4 5 B D N Q R,Easement - Passage,YES,40.6849953,-73.9773457
B,Bergen St,2 3,Stair,YES,40.6808416,-73.9755665
B,Bergen St,2 3,Stair,YES,40.680832,-73.975534
B,Bergen St,2 3,Stair,YES,40.680951,-73.975448
B,Bergen St,2 3,Stair,YES,40.6809217,-73.9749654
B,Bergen St,2 3,Stair,YES,40.680695,-73.974748
B,Grand Army Plaza,2 3,Stair,YES,40.6751588,-73.9712167
B,Grand Army Plaza,2 3,Stair,YES,40.67495,-73.97099
B,Grand Army Plaza,2 3,Stair,YES,40.6752946,-73.9708257
B,Grand Army Plaza,2 3,Stair,YES,40.675129,-73.9708236
B,Eastern Pkwy-Brooklyn Museum,2 3,Stair,YES,40.671789,-73.964301
B,Eastern Pkwy-Brooklyn Museum,2 3,Stair,YES,40.672124,-73.9641041
B,Eastern Pkwy-Brooklyn Museum,2 3,Elevator,YES,40.6718788,-73.9643906
B,Franklin Av-Medgar Evers College/Botanic Garden,2 3 4 5 S,Stair,YES,40.6703472,-73.957973
B,Franklin Av-Medgar Evers College/Botanic Garden,2 3 4 5 S,Stair,YES,40.6709378,-73.957766
B,Franklin Av-Medgar Evers College/Botanic Garden,2 3 4 5 S,Stair,YES,40.6704817,-73.9577236
B,Franklin Av-Medgar Evers College/Botanic Garden,2 3 4 5 S,Stair,YES,40.6707339,-73.9576499
B,Nostrand Av,3,Stair,YES,40.6697522,-73.950798
B,Nostrand Av,3,Stair,YES,40.6697202,-73.950247
B,Kingston Av,3,Stair,YES,40.669289,-73.942463
B,Kingston Av,3,Stair,YES,40.669261,-73.941948
B,Crown Hts-Utica Av,3 4,Stair,YES,40.6688507,-73.9342363
B,Crown Hts-Utica Av,3 4,Stair,YES,40.6691127,-73.9342117
B,Crown Hts-Utica Av,3 4,Stair,YES,40.6687238,-73.9318796
B,Crown Hts-Utica Av,3 4,Stair,YES,40.6689826,-73.9318527
B,Crown Hts-Utica Av,3 4,Elevator,YES,40.6689472,-73.931831
B,Crown Hts-Utica Av,3 4,Stair,YES,40.6687127,-73.9317067
B,Crown Hts-Utica Av,3 4,Stair,YES,40.6689686,-73.9316784
B,Sutter Av-Rutland Rd,3,Stair,YES,40.664887,-73.923109
B,Sutter Av-Rutland Rd,3,Stair,YES,40.6651206,-73.9229324
B,Sutter Av-Rutland Rd,3,Stair,YES,40.6649816,-73.9227814
B,Saratoga Av,3,Stair,YES,40.661401,-73.915543
B,Saratoga Av,3,Stair,YES,40.6616952,-73.9152931
B,Saratoga Av,3,Stair,YES,40.6615645,-73.9152642
B,Rockaway Av,3,Stair,YES,40.6627214,-73.9090482
B,Rockaway Av,3,Stair,YES,40.662401,-73.908809
B,Junius St,3,Stair,YES,40.6633592,-73.9031178
B,Junius St,3,Stair,YES,40.6634149,-73.9027336
B,Pennsylvania Av,3,Stair,YES,40.6645892,-73.8941123
B,Pennsylvania Av,3,Stair,YES,40.6648582,-73.8938531
B,Van Siclen Av,3,Stair,YES,40.6657626,-73.8886095
B,Van Siclen Av,3,Stair,YES,40.665431,-73.888386
B,New Lots Av,3,Stair,YES,40.6664379,-73.8833001
B,New Lots Av,3,Stair,YES,40.6663094,-73.8832691
B,Borough Hall/Court St,2 3 4 5 R,Stair,YES,40.6925156,-73.9912429
B,Borough Hall/Court St,2 3 4 5 R,Easement - Street,YES,40.69234,-73.99056
B,Borough Hall/Court St,2 3 4 5 R,Stair,YES,40.692601,-73.9905449
B,Borough Hall/Court St,2 3 4 5 R,Easement - Street,YES,40.692299,-73.990301
B,Borough Hall/Court St,2 3 4 5 R,Stair,YES,40.6925551,-73.9901084
Q,Flushing-Main St,7,Stair,YES,40.7595971,-73.8304171
Q,Flushing-Main St,7,Stair,YES,40.7594201,-73.8303054
Q,Flushing-Main St,7,Stair,YES,40.7597211,-73.8299523
Q,Flushing-Main St,7,Stair,YES,40.7594606,-73.8299149
Q,Flushing-Main St,7,Stair,YES,40.7595554,-73.8298645
Q,Flushing-Main St,7,Elevator,YES,40.759908,-73.829019
Q,Flushing-Main St,7,Escalator,YES,40.7600183,-73.8286182
Q,Flushing-Main St,7,Escalator,YES,40.7599225,-73.8285765
Q,Flushing-Main St,7,Stair,YES,40.7599602,-73.828416
Q,Flushing-Main St,7,Stair,YES,40.7597388,-73.8303311
Q,Flushing-Main St,7,Stair,YES,40.7593778,-73.8301544
Q,Flushing-Main St,7,Stair,YES,40.7594937,-73.8306493
Q,Flushing-Main St,7,Stair,YES,40.7593515,-73.8305917
Q,Mets-Willets Point,7,Stair,YES,40.7547146,-73.8459125
Q,Mets-Willets Point,7,Stair,YES,40.754431,-73.8457859
Q,Mets-Willets Point,7,Station House,YES,40.7547983,-73.8457335
Q,Mets-Willets Point,7,Stair,YES,40.7547782,-73.8456807
Q,Mets-Willets Point,7,Ramp,YES,40.7543973,-73.845798
Q,Mets-Willets Point,7,Ramp,YES,40.7540536,-73.845338
Q,111 St,7,Stair,YES,40.75161,-73.856065
Q,111 St,7,Stair,YES,40.751423,-73.855996
Q,111 St,7,Stair,YES,40.751551,-73.855628
Q,103 St-Corona Plaza,7,Stair,YES,40.7499645,-73.8625882
Q,103 St-Corona Plaza,7,Stair,YES,40.7497772,-73.8625659
Q,103 St-Corona Plaza,7,Stair,YES,40.7499839,-73.8623704
Q,103 St-Corona Plaza,7,Stair,YES,40.7497985,-73.8623284
Q,Junction Blvd,7,Stair,YES,40.7492396,-73.8696622
Q,Junction Blvd,7,Stair,YES,40.7490569,-73.8696287
Q,Junction Blvd,7,Elevator,YES,40.7493442,-73.8694143
Q,Junction Blvd,7,Stair,YES,40.749266,-73.86922
Q,Junction Blvd,7,Stair,YES,40.7490987,-73.8691682
Q,90 St-Elmhurst Av,7,Stair,YES,40.748601,-73.876595
Q,90 St-Elmhurst Av,7,Stair,YES,40.7486137,-73.8764603
Q,90 St-Elmhurst Av,7,Stair,YES,40.7483345,-73.8764271
Q,82 St-Jackson Hts,7,Stair,YES,40.7478196,-73.8840322
Q,82 St-Jackson Hts,7,Stair,YES,40.7474627,-73.8839648
Q,82 St-Jackson Hts,7,Stair,YES,40.7478368,-73.8838809
Q,Jackson Hts-Roosevelt Av/74 St-Broadway,7 E F M R,Stair,YES,40.7471163,-73.8914148
Q,69 St,7,Stair,YES,40.746148,-73.896396
Q,69 St,7,Stair,YES,40.7465474,-73.8962773
Q,61 St-Woodside,7,Escalator,YES,40.7455308,-73.9032919
Q,61 St-Woodside,7,Stair,YES,40.745692,-73.903234
Q,61 St-Woodside,7,Stair,YES,40.745717,-73.903063
Q,61 St-Woodside,7,Elevator,YES,40.7457662,-73.903182
Q,61 St-Woodside,7,Elevator,YES,40.7458221,-73.9026908
Q,61 St-Woodside,7,Stair,YES,40.7459171,-73.9027892
Q,61 St-Woodside,7,Stair,YES,40.7455647,-73.9023955
Q,61 St-Woodside,7,Stair,YES,40.7454163,-73.9027804
Q,61 St-Woodside,7,Stair,YES,40.7458485,-73.903232
Q,52 St,7,Stair,YES,40.744067,-73.91308
Q,52 St,7,Stair,YES,40.743933,-73.913003
Q,52 St,7,Stair,YES,40.7444484,-73.9113476
Q,52 St,7,Stair,YES,40.7446112,-73.9113315
Q,46 St-Bliss St,7,Stair,YES,40.7431175,-73.9187933
Q,46 St-Bliss St,7,Stair,YES,40.7432478,-73.9187718
Q,46 St-Bliss St,7,Stair,YES,40.7430981,-73.9186348
Q,46 St-Bliss St,7,Stair,YES,40.7432275,-73.9186129
Q,46 St-Bliss St,7,Stair,YES,40.74301,-73.9178654
Q,46 St-Bliss St,7,Stair,YES,40.7431403,-73.9178407
Q,40 St-Lowery St,7,Stair,YES,40.7437596,-73.9243672
Q,40 St-Lowery St,7,Stair,YES,40.7438924,-73.9243439
Q,40 St-Lowery St,7,Stair,YES,40.7437424,-73.9241929
Q,40 St-Lowery St,7,Stair,YES,40.7438705,-73.9241768
Q,33 St-Rawson St,7,Stair,YES,40.7446191,-73.9317842
Q,33 St-Rawson St,7,Stair,YES,40.7447578,-73.9317629
Q,33 St-Rawson St,7,Stair,YES,40.7446023,-73.9316209
Q,33 St-Rawson St,7,Stair,YES,40.7447369,-73.9315948
Q,33 St-Rawson St,7,Stair,YES,40.7445134,-73.9308564
Q,33 St-Rawson St,7,Stair,YES,40.7446418,-73.9308367
Q,Court Sq-23 St,7 E M G,Stair,YES,40.7462295,-73.9457583
Q,Court Sq-23 St,7 E M G,Stair,YES,40.7461509,-73.9453202
Q,Court Sq-23 St,7 E M G,Elevator,YES,40.7461455,-73.9454034
Q,Hunters Point Av,7,Stair,YES,40.7425199,-73.9486192
Q,Hunters Point Av,7,Stair,YES,40.7424395,-73.9481745
Q,Hunters Point Av,7,Stair,YES,40.7424232,-73.9480914
Q,Vernon Blvd-Jackson Av,7,Stair,YES,40.7426057,-73.9542528
Q,Vernon Blvd-Jackson Av,7,Stair,YES,40.7426696,-73.9542334
Q,Vernon Blvd-Jackson Av,7,Stair,YES,40.7428112,-73.9539823
Q,Vernon Blvd-Jackson Av,7,Stair,YES,40.7427763,-73.9538874
Q,Vernon Blvd-Jackson Av,7,Stair,YES,40.7424411,-73.9531547
Q,Vernon Blvd-Jackson Av,7,Stair,YES,40.742594,-73.952858
Q,Vernon Blvd-Jackson Av,7,Stair,YES,40.7423743,-73.9526921
Q,Vernon Blvd-Jackson Av,7,Stair,YES,40.7426074,-73.952238
M,Grand Central-42 St,4 5 6 7 S,Easement - Street,YES,40.7508941,-73.9751175
M,42 St-Bryant Pk/5 Av,7 B D F M,Stair,YES,40.7542646,-73.9831451
M,42 St-Bryant Pk/5 Av,7 B D F M,Stair,YES,40.7542373,-73.9830705
M,42 St-Bryant Pk/5 Av,7 B D F M,Stair,YES,40.7535726,-73.9814889
M,34 St-Hudson Yards,7,Elevator,YES,40.754904,-74.001323
M,34 St-Hudson Yards,7,Stair/Escalator,YES,40.7549612,-74.0009265
M,34 St - Hudson Yards,7,Stair/Escalator,YES,40.755766,-74.0002359
Q,Queensboro Plaza,7 N W,Stair,YES,40.7503023,-73.9402294
Q,Queensboro Plaza,7 N W,Easement - Street,YES,40.750835,-73.939671
B,Franklin Av,C S,Station House,YES,40.6810825,-73.9558693
B,Park Pl,S,Stair,YES,40.6745435,-73.9579335
B,Park Pl,S,Ramp,YES,40.675208,-73.957591
B,Franklin Av-Medgar Evers College/Botanic Garden,2 3 4 5 S,Stair,YES,40.6706111,-73.9591111
Q,121 St,J Z,Stair,YES,40.7002829,-73.8292737
Q,121 St,J Z,Stair,YES,40.7005457,-73.8292418
Q,121 St,J Z,Stair,YES,40.7008371,-73.8273926
Q,121 St,J Z,Stair,YES,40.7006174,-73.827227
Q,111 St,J,Stair,YES,40.697088,-73.8371692
Q,111 St,J,Stair,YES,40.69678,-73.8370353
Q,104 St,J Z,Stair,YES,40.695033,-73.843298
Q,104 St,J Z,Stair,YES,40.695267,-73.843223
Q,Woodhaven Blvd,J Z,Stair,YES,40.6935603,-73.8526132
Q,Woodhaven Blvd,J Z,Stair,YES,40.6934785,-73.8525673
Q,Woodhaven Blvd,J Z,Stair,YES,40.694077,-73.850476
Q,85 St-Forest Pkwy,J,Stair,YES,40.6926897,-73.8590944
Q,85 St-Forest Pkwy,J,Stair,YES,40.6923737,-73.8589533
Q,75 St-Elderts Ln,J Z,Stair,YES,40.691479,-73.86661
Q,75 St-Elderts Ln,J Z,Stair,YES,40.691285,-73.866425
B,Cypress Hills,J,Stair,YES,40.689596,-73.873555
B,Cypress Hills,J,Stair,YES,40.68947,-73.873449
B,Cypress Hills,J,Stair,YES,40.690142,-73.87163
B,Crescent St,J Z,Stair,YES,40.6836199,-73.8726013
B,Crescent St,J Z,Stair,YES,40.683494,-73.872528
B,Norwood Av,J Z,Stair,YES,40.6817899,-73.8790283
B,Norwood Av,J Z,Stair,YES,40.681659,-73.878984
B,Cleveland St,J,Stair,YES,40.67968,-73.885709
B,Cleveland St,J,Stair,YES,40.67957,-73.8856535
B,Van Siclen Av,J Z,Stair,YES,40.6777892,-73.8916915
B,Van Siclen Av,J Z,Stair,YES,40.6778044,-73.8915527
B,Alabama Av,J Z,Stair,YES,40.6767708,-73.8999078
B,Alabama Av,J Z,Stair,YES,40.6768239,-73.8995113
B,Chauncey St,J Z,Stair,YES,40.683335,-73.911394
B,Chauncey St,J Z,Stair,YES,40.683456,-73.91128
B,Halsey St,J,Stair,YES,40.6858697,-73.9158126
B,Halsey St,J,Stair,YES,40.685981,-73.9156897
B,Gates Av,J Z,Stair,YES,40.6900429,-73.9231697
B,Gates Av,J Z,Stair,YES,40.6901596,-73.9230571
B,Kosciuszko St,J,Stair,YES,40.692935,-73.928247
B,Kosciuszko St,J,Stair,YES,40.692934,-73.927936
B,Myrtle Av,M J Z,Stair,YES,40.6970278,-73.9355833
B,Myrtle Av,M J Z,Stair,YES,40.6969112,-73.9354484
B,Flushing Av,M J,Elevator,YES,40.7006273,-73.9420192
B,Flushing Av,M J,Stair,YES,40.7006437,-73.9421931
B,Flushing Av,M J,Stair,YES,40.7008679,-73.9416986
B,Flushing Av,M J,Elevator,YES,40.70072,-73.941672
B,Flushing Av,M J,Stair,YES,40.6997313,-73.9403023
B,Flushing Av,M J,Stair,YES,40.6998454,-73.9401928
B,Lorimer St,M J,Stair,YES,40.704293,-73.94833
B,Lorimer St,M J,Stair,YES,40.704406,-73.948206
B,Lorimer St,M J,Stair,YES,40.703321,-73.946596
B,Lorimer St,M J,Stair,YES,40.703468,-73.946557
B,Hewes St,M J,Stair,YES,40.707149,-73.954427
B,Hewes St,M J,Stair,YES,40.7072658,-73.9543323
B,Hewes St,M J,Stair,YES,40.7065605,-73.9522702
B,Hewes St,M J,Stair,YES,40.7065268,-73.9526173
B,Marcy Av,M J Z,Stair,YES,40.708681,-73.958927
B,Marcy Av,M J Z,Stair,YES,40.7088204,-73.958823
B,Marcy Av,M J Z,Stair,YES,40.708424,-73.9581652
B,Marcy Av,M J Z,Stair,YES,40.7085721,-73.95809
B,Marcy Av,M J Z,Elevator,YES,40.708293,-73.958044
B,Marcy Av,M J Z,Elevator,YES,40.708565,-73.957893
B,Marcy Av,M J Z,Stair,YES,40.7082988,-73.9577153
B,Marcy Av,M J Z,Stair,YES,40.7084264,-73.9576496
M,Delancey St-Essex St,F M J Z,Stair,YES,40.7185586,-73.9876473
M,Delancey St-Essex St,F M J Z,Stair,YES,40.7184166,-73.987177
M,Bowery,J Z,Stair,YES,40.7199997,-73.9935462
M,Bowery,J Z,Stair,YES,40.7203022,-73.9934097
M,Canal St,6 J Z N Q R W,Easement - Street,YES,40.7178377,-74.0002765
M,Brooklyn Bridge-City Hall/Chambers St,4 5 6 J Z,Easement - Street,YES,40.712699,-74.004099
M,Brooklyn Bridge-City Hall/Chambers St,4 5 6 J Z,Stair,YES,40.714199,-74.003187
M,Fulton St,2 3 4 5 A C J Z,Stair,YES,40.7095377,-74.0083397
M,Fulton St,2 3 4 5 A C J Z,Easement - Street,YES,40.709378,-74.0082969
M,Fulton St,2 3 4 5 A C J Z,Easement - Street,YES,40.7100924,-74.0079747
M,Fulton St,2 3 4 5 A C J Z,Stair,YES,40.710391,-74.0079182
M,Fulton St,2 3 4 5 A C J Z,Easement - Street,YES,40.7100832,-74.0076066
M,Fulton St,2 3 4 5 A C J Z,Stair,YES,40.710219,-74.0075959
M,Fulton St,2 3 4 5 A C J Z,Easement - Street,YES,40.7101628,-74.0074258
M,Fulton St,2 3 4 5 A C J Z,Easement - Passage,YES,40.7093032,-74.0083124
M,Broad St,J Z,Stair,YES,40.7059737,-74.0112223
M,Broad St,J Z,Stair,YES,40.7061973,-74.0110885
M,Broad St,J Z,Stair,YES,40.706887,-74.010687
M,Broad St,J Z,Stair,YES,40.706911,-74.010494
M,Broad St,J Z,Easement - Street,YES,40.7080774,-74.0097526
M,Broad St,J Z,Easement - Passage,YES,40.708035,-74.010665
Bx,Woodlawn,4,Stair,YES,40.886819,-73.878376
Bx,Woodlawn,4,Stair,YES,40.886737,-73.87812
Bx,Mosholu Pkwy,4,Stair,YES,40.8795606,-73.8851577
Bx,Mosholu Pkwy,4,Stair,YES,40.879343,-73.88488
Bx,Mosholu Pkwy,4,Stair,YES,40.8801579,-73.8844558
Bx,Mosholu Pkwy,4,Stair,YES,40.8799885,-73.8841729
Bx,Bedford Park Blvd-Lehman College,4,Stair,YES,40.8735714,-73.8898784
Bx,Kingsbridge Rd,4,Stair,YES,40.867606,-73.897418
Bx,Kingsbridge Rd,4,Stair,YES,40.86762,-73.897152
Bx,Kingsbridge Rd,4,Stair,YES,40.8678017,-73.8970254
Bx,Fordham Rd,4,Stair,YES,40.862562,-73.901367
Bx,Fordham Rd,4,Stair,YES,40.8629108,-73.9013461
Bx,Fordham Rd,4,Stair,YES,40.862588,-73.9008854
Bx,Fordham Rd,4,Stair,YES,40.8627753,-73.9007379
Bx,Fordham Rd,4,Elevator,YES,40.8625646,-73.9010864
Bx,183 St,4,Stair,YES,40.8585019,-73.9041003
Bx,183 St,4,Stair,YES,40.858267,-73.904099
Bx,183 St,4,Stair,YES,40.8584724,-73.9037088
Bx,Burnside Av,4,Stair,YES,40.8533424,-73.9079574
Bx,Burnside Av,4,Stair,YES,40.853236,-73.9077503
Bx,Burnside Av,4,Stair,YES,40.85367,-73.907654
Bx,Burnside Av,4,Stair,YES,40.8535763,-73.9074459
Bx,176 St,4,Stair,YES,40.848385,-73.912003
Bx,176 St,4,Stair,YES,40.848501,-73.911633
Bx,Mt Eden Av,4,Stair,YES,40.844702,-73.91465
Bx,Mt Eden Av,4,Stair,YES,40.8444213,-73.9145649
Bx,170 St,4,Stair,YES,40.83996,-73.918018
Bx,170 St,4,Stair,YES,40.8398507,-73.9178287
Bx,170 St,4,Elevator,YES,40.840076,-73.917648
Bx,170 St,4,Stair,YES,40.8405306,-73.9173329
Bx,170 St,4,Stair,YES,40.8406291,-73.9175714
Bx,167 St,4,Stair,YES,40.8357587,-73.9215613
Bx,167 St,4,Stair,YES,40.8358821,-73.921488
Bx,167 St,4,Stair,YES,40.8356101,-73.921131
Bx,167 St,4,Stair,YES,40.8357397,-73.9210597
Bx,161 St-Yankee Stadium,4 B D,Stair,YES,40.827399,-73.926394
Bx,161 St-Yankee Stadium,4 B D,Stair,YES,40.827461,-73.926362
Bx,161 St-Yankee Stadium,4 B D,Stair,YES,40.827529,-73.926322
Bx,161 St-Yankee Stadium,4 B D,Stair,YES,40.827605,-73.926282
Bx,161 St-Yankee Stadium,4 B D,Stair,YES,40.827759,-73.9261
Bx,161 St-Yankee Stadium,4 B D,Stair,YES,40.827942,-73.926
Bx,161 St-Yankee Stadium,4 B D,Stair,YES,40.827685,-73.925842
Bx,161 St-Yankee Stadium,4 B D,Stair,YES,40.827854,-73.925745
Bx,149 St-Grand Concourse,2 4 5,Stair,YES,40.818259,-73.927659
Bx,149 St-Grand Concourse,2 4 5,Stair,YES,40.8183857,-73.9276023
Bx,149 St-Grand Concourse,2 4 5,Stair,YES,40.8182648,-73.927259
Bx,149 St-Grand Concourse,2 4 5,Stair,YES,40.818405,-73.927101
Bx,138 St-Grand Concourse,4 5,Stair,YES,40.8133392,-73.9299986
Bx,138 St-Grand Concourse,4 5,Stair,YES,40.8133808,-73.9298403
Bx,138 St-Grand Concourse,4 5,Stair,YES,40.8131072,-73.9296843
Bx,Wakefield-241 St,2,Stair,YES,40.9032151,-73.8504013
Bx,Wakefield-241 St,2,Stair,YES,40.9036489,-73.8503198
Bx,Wakefield-241 St,2,Stair,YES,40.9035779,-73.8500894
Bx,Nereid Av,2 5,Stair,YES,40.8982594,-73.8543463
Bx,Nereid Av,2 5,Stair,YES,40.8986955,-73.8542528
Bx,233 St,2 5,Stair,YES,40.893622,-73.8574101
Bx,233 St,2 5,Stair,YES,40.8935457,-73.8571661
Bx,233 St,2 5,Elevator,YES,40.8935662,-73.8575093
Bx,225 St,2 5,Stair,YES,40.8880179,-73.8605127
Bx,225 St,2 5,Stair,YES,40.8876117,-73.8604534
Bx,219 St,2 5,Stair,YES,40.8837982,-73.8628369
Bx,219 St,2 5,Stair,YES,40.8833889,-73.8627848
Bx,Gun Hill Rd,2 5,Station House,YES,40.8776387,-73.8665215
Bx,Gun Hill Rd,2 5,Station House,YES,40.8775614,-73.8663578
Bx,Gun Hill Rd,2 5,Station House,YES,40.877582,-73.8664642
Bx,Burke Av,2 5,Stair,YES,40.871631,-73.867283
Bx,Burke Av,2 5,Stair,YES,40.8712596,-73.8670431
Bx,Allerton Av,2 5,Stair,YES,40.865605,-73.867476
Bx,Allerton Av,2 5,Stair,YES,40.865257,-73.867246
Bx,Pelham Pkwy,2 5,Stair,YES,40.8564295,-73.8677451
Bx,Pelham Pkwy,2 5,Stair,YES,40.8580461,-73.867718
Bx,Pelham Pkwy,2 5,Stair/Escalator,YES,40.8563411,-73.867529
Bx,Pelham Pkwy,2 5,Stair,YES,40.8580412,-73.8674743
Bx,Pelham Pkwy,2 5,Elevator,YES,40.856516,-73.8677431
Bx,Bronx Park East,2 5,Stair,YES,40.8487261,-73.8684392
Bx,Bronx Park East,2 5,Stair,YES,40.8492266,-73.8683337
Bx,Bronx Park East,2 5,Stair,YES,40.8492082,-73.8681704
Bx,E 180 St,2 5,Station House,YES,40.841223,-73.873499
Bx,E 180 St,2 5,Station House,YES,40.841453,-73.872892
Bx,West Farms Sq-E Tremont Av,2 5,Stair,YES,40.8404556,-73.8800035
Bx,West Farms Sq-E Tremont Av,2 5,Stair,YES,40.840368,-73.879856
Bx,West Farms Sq-E Tremont Av,2 5,Escalator,YES,40.840815,-73.879623
Bx,West Farms Sq-E Tremont Av,2 5,Stair,YES,40.8406728,-73.8795642
Bx,West Farms Sq-E Tremont Av,2 5,Stair,YES,40.841139,-73.8793394
Bx,174 St,2 5,Stair,YES,40.8373453,-73.88803
Bx,174 St,2 5,Stair,YES,40.8376246,-73.8877428
Bx,174 St,2 5,Stair,YES,40.8372796,-73.8875735
Bx,174 St,2 5,Stair,YES,40.8373085,-73.8872552
Bx,Freeman St,2 5,Stair,YES,40.8304069,-73.8920048
Bx,Freeman St,2 5,Stair,YES,40.8299244,-73.8920048
Bx,Freeman St,2 5,Stair,YES,40.8301037,-73.8914669
Bx,Freeman St,2 5,Stair,YES,40.8302086,-73.8914569
Bx,Simpson St,2 5,Stair,YES,40.823884,-73.893197
Bx,Simpson St,2 5,Stair,YES,40.8241713,-73.8931328
Bx,Simpson St,2 5,Elevator,YES,40.8244006,-73.8928917
Bx,Simpson St,2 5,Stair,YES,40.8241451,-73.8927472
Bx,Simpson St,2 5,Stair,YES,40.8244036,-73.8926788
Bx,Simpson St,2 5,Elevator,YES,40.8238968,-73.8930097
Bx,Intervale Av,2 5,Stair,YES,40.8224646,-73.8967402
Bx,Intervale Av,2 5,Stair,YES,40.822095,-73.896681
Bx,Intervale Av,2 5,Escalator,YES,40.8224386,-73.8965301
Bx,Prospect Av,2 5,Stair,YES,40.8196139,-73.9019949
Bx,Prospect Av,2 5,Stair,YES,40.819887,-73.901666
Bx,Prospect Av,2 5,Stair,YES,40.8195886,-73.9015009
Bx,Prospect Av,2 5,Stair,YES,40.819678,-73.9014071
Bx,Jackson Av,2 5,Stair,YES,40.8162481,-73.9079543
Bx,Jackson Av,2 5,Stair,YES,40.816589,-73.907893
Bx,Jackson Av,2 5,Stair,YES,40.816349,-73.907836
Bx,Jackson Av,2 5,Stair,YES,40.816873,-73.907379
Bx,3 Av-149 St,2 5,Stair,YES,40.816033,-73.918064
Bx,3 Av-149 St,2 5,Elevator,YES,40.815971,-73.917983
Bx,3 Av-149 St,2 5,Stair,YES,40.8162647,-73.9179365
Bx,3 Av-149 St,2 5,Elevator,YES,40.8162729,-73.9177931
Bx,3 Av-149 St,2 5,Stair,YES,40.8158576,-73.9177644
Bx,3 Av-149 St,2 5,Stair,YES,40.816315,-73.917543
Bx,3 Av-149 St,2 5,Stair,YES,40.815881,-73.917522
Bx,3 Av-149 St,2 5,Stair,YES,40.8162711,-73.917456
M,Harlem-148 St,3,Station House,YES,40.8240843,-73.936986
M,145 St,3,Stair,YES,40.820343,-73.936508
M,145 St,3,Stair,YES,40.8206788,-73.936268
M,135 St,2 3,Stair,YES,40.8140321,-73.9411204
M,135 St,2 3,Stair,YES,40.814316,-73.94091
M,135 St,2 3,Stair,YES,40.8139129,-73.9408289
M,135 St,2 3,Stair,YES,40.8142863,-73.94056
M,135 St,2 3,Elevator,YES,40.8139935,-73.9411593
M,135 St,2 3,Elevator,YES,40.8141678,-73.9406402
M,125 St,2 3,Stair,YES,40.8076973,-73.9457523
M,125 St,2 3,Stair,YES,40.8079975,-73.94553
M,125 St,2 3,Stair,YES,40.8075694,-73.9454604
M,125 St,2 3,Stair,YES,40.8078903,-73.9452282
M,116 St,2 3,Stair,YES,40.801945,-73.949943
M,116 St,2 3,Stair,YES,40.8022341,-73.9497353
M,116 St,2 3,Stair,YES,40.8018347,-73.9496507
M,116 St,2 3,Stair,YES,40.8021201,-73.9494404
M,110 St-Malcolm X Plaza,2 3,Stair,YES,40.7985092,-73.9526653
M,110 St-Malcolm X Plaza,2 3,Stair,YES,40.7990355,-73.952064
M,125 St,4 5 6,Stair,YES,40.8042618,-73.9376559
M,125 St,4 5 6,Stair,YES,40.8041772,-73.9374408
M,125 St,4 5 6,Stair,YES,40.8046136,-73.9374016
M,125 St,4 5 6,Elevator,YES,40.8044243,-73.9372301
M,125 St,4 5 6,Stair,YES,40.8045377,-73.9371809
M,116 St,6,Stair,YES,40.7984748,-73.9418872
M,116 St,6,Stair,YES,40.798417,-73.9416508
M,116 St,6,Stair,YES,40.7988534,-73.9416082
M,116 St,6,Stair,YES,40.7987512,-73.9414039
M,110 St,6,Stair,YES,40.7948147,-73.9446136
M,110 St,6,Stair,YES,40.7949376,-73.9445008
M,110 St,6,Stair,YES,40.794699,-73.9443307
M,110 St,6,Stair,YES,40.7948241,-73.9442436
M,103 St,6,Stair,YES,40.7902953,-73.9478574
M,103 St,6,Stair,YES,40.7902061,-73.9476498
M,96 St,6,Stair,YES,40.7858743,-73.9512769
M,96 St,6,Stair,YES,40.786073,-73.9510616
M,96 St,6,Stair,YES,40.7856482,-73.950932
M,96 St,6,Stair,YES,40.7859144,-73.9506924
M,86 St,4 5 6,Stair,YES,40.7795043,-73.9559174
M,86 St,4 5 6,Easement - Street,YES,40.779753,-73.9557985
M,86 St,4 5 6,Stair,YES,40.7794474,-73.9557947
M,86 St,4 5 6,Easement - Street,YES,40.7797358,-73.9555878
M,86 St,4 5 6,Stair,YES,40.7793464,-73.9555549
M,86 St,4 5 6,Stair,YES,40.7792892,-73.9554214
M,86 St,4 5 6,Easement - Street,YES,40.7796814,-73.9553101
M,86 St,4 5 6,Stair,YES,40.7794665,-73.9552146
M,86 Street,4 5 6,Elevator,YES,40.7795098,-73.9553242
M,77 St,6,Stair,YES,40.77371,-73.9602094
M,77 St,6,Stair,YES,40.7738339,-73.9601428
M,77 St,6,Stair,YES,40.7736406,-73.9600418
M,77 St,6,Stair,YES,40.7737663,-73.9599436
M,77 St,6,Stair,YES,40.7735331,-73.9597876
M,77 St,6,Stair,YES,40.7736662,-73.9596955
M,77 St,6,Stair,YES,40.7734786,-73.959652
M,77 St,6,Stair,YES,40.7736059,-73.9595618
M,68 St-Hunter College,6,Easement - Street,YES,40.7678158,-73.9643754
M,68 St-Hunter College,6,Easement - Passage,YES,40.76794,-73.96429
M,68 St-Hunter College,6,Stair,YES,40.7679892,-73.9641725
M,68 St-Hunter College,6,Easement - Street,YES,40.7676379,-73.9639659
M,68 St-Hunter College,6,Stair,YES,40.767882,-73.9639184
M,68 St-Hunter College,6,Easement - Street,YES,40.7680987,-73.96375124
M,Lexington Av/59 St,4 5 6 N R W,Easement - Street,YES,40.7622955,-73.9685447
M,Lexington Av/59 St,4 5 6 N R W,Stair,YES,40.7624269,-73.9683854
M,Lexington Av/59 St,4 5 6 N R W,Easement - Street,YES,40.7620725,-73.9680276
M,Lexington Av/59 St,4 5 6 N R W,Stair,YES,40.7628443,-73.9679602
M,Lexington Av/59 St,4 5 6 N R W,Stair,YES,40.762986,-73.96785
M,Lexington Av/59 St,4 5 6 N R W,Stair,YES,40.7628574,-73.967572
M,Lexington Av/59 St,4 5 6 N R W,Easement - Street,YES,40.7626138,-73.9673808
M,Lexington Av/59 St,4 5 6 N R W,Easement - Passage,YES,40.7626591,-73.9675803
M,Lexington Av/51-53 Sts,6 E M,Easement - Street,YES,40.7567229,-73.972565
M,Lexington Av/51-53 Sts,6 E M,Stair,YES,40.75719,-73.972241
M,Lexington Av/51-53 Sts,6 E M,Stair,YES,40.7573205,-73.9721689
M,Lexington Av/51-53 Sts,6 E M,Stair,YES,40.7571466,-73.9721359
M,Lexington Av/51-53 Sts,6 E M,Stair,YES,40.7573075,-73.9719443
M,Lexington Av/51-53 Sts,6 E M,Stair,YES,40.7570081,-73.9718206
M,Lexington Av/51-53 Sts,6 E M,Stair,YES,40.7571387,-73.9717335
M,Lexington Av/51-53 Sts,6 E M,Stair,YES,40.7569558,-73.9716892
M,Lexington Av/51-53 Sts,6 E M,Stair,YES,40.7570533,-73.971523
M,Lexington Av/51-53 Sts,6 E M,Easement - Passage,YES,40.7568024,-73.9724813
M,Lexington Av/51-53 Sts,6 E M,Easement - Passage,YES,40.756711,-73.972445
M,Grand Central-42 St,4 5 6 7 S,Easement - Street,YES,40.751653,-73.977753
M,Grand Central-42 St,4 5 6 7 S,Easement - Street,YES,40.7517166,-73.9777087
M,Grand Central-42 St,4 5 6 7 S,Easement - Passage,YES,40.7516684,-73.977068
M,Grand Central-42 St,4 5 6 7 S,Easement - Passage,YES,40.7512862,-73.9765449
M,Grand Central-42 St,4 5 6 7 S,Easement - Street,YES,40.7517049,-73.9760214
M,Grand Central-42 St,4 5 6 7 S,Easement - Street,YES,40.7513391,-73.975424
M,Grand Central-42 St,4 5 6 7 S,Easement - Passage,YES,40.7518876,-73.9752306
M,Grand Central-42 St,4 5 6 7 S,Stair,YES,40.7512898,-73.9759395
M,Grand Central-42 St,4 5 6 7 S,Stair,YES,40.7512246,-73.9757784
M,Grand Central-42 St,4 5 6 7 S,Easement - Passage,YES,40.7520484,-73.9768899
M,Grand Central-42 St,4 5 6 7 S,Easement - Passage,YES,40.7521266,-73.9771513
M,Grand Central-42 St,4 5 6 7 S,Easement - Passage,YES,40.7521005,-73.976152
M,Grand Central-42 St,4 5 6 7 S,Easement - Passage,YES,40.7516405,-73.9772034
M,33 St,6,Stair,YES,40.7458701,-73.9826382
M,33 St,6,Stair,YES,40.7457096,-73.982544
M,33 St,6,Stair,YES,40.7455956,-73.9822425
M,33 St,6,Stair,YES,40.7465019,-73.9822146
M,33 St,6,Stair,YES,40.7456432,-73.982089
M,33 St,6,Stair,YES,40.7466574,-73.9818752
M,33 St,6,Stair,YES,40.746256,-73.9816418
M,33 St,6,Stair,YES,40.7465891,-73.9815176
M,33 St,6,Stair,YES,40.7462031,-73.9815063
M,28 St,6,Easement - Street,YES,40.7433326,-73.9843798
M,28 St,6,Easement - Street,YES,40.7435435,-73.9843465
M,28 St,6,Stair,YES,40.7432107,-73.9839527
M,28 St,6,Stair,YES,40.7433134,-73.9838806
M,28 St,6,Stair,YES,40.743153,-73.9838174
M,28 St,6,Stair,YES,40.743257,-73.983738
M,28 St,6,Easement - Passage,YES,40.7425051,-73.9851163
M,28 St,6,Easement - Passage,YES,40.7425871,-73.985057
M,23 St-Baruch College,6,Easement - Street,YES,40.739497,-73.9871065
M,23 St-Baruch College,6,Stair,YES,40.7397029,-73.9870722
M,23 St-Baruch College,6,Stair,YES,40.7402572,-73.9867682
M,23 St-Baruch College,6,Stair,YES,40.7400353,-73.9866692
M,23 St-Baruch College,6,Easement - Street,YES,40.7404209,-73.9865423
M,23 St-Baruch College,6,Stair,YES,40.7394821,-73.9865417
M,23 St-Baruch College,6,Stair,YES,40.7399784,-73.9863362
M,23 St-Baruch College,6,Stair,YES,40.7399737,-73.9861913
M,23 St-Baruch College,6,Stair,YES,40.7401236,-73.9859708
M,23 St-Baruch College,6,Elevator,YES,40.7401896,-73.9860916
M,23 St-Baruch College,6,Elevator,YES,40.7403755,-73.986545
M,23 St-Baruch College,6,Stair,YES,40.7393572,-73.9867884
M,23 St-Baruch College,6,Easement - Passage,YES,40.740447,-73.9864514
M,14 St-Union Sq,4 5 6 L N Q R W,Stair,YES,40.7345416,-73.9903207
M,14 St-Union Sq,4 5 6 L N Q R W,Stair,YES,40.7344735,-73.9901619
M,14 St-Union Sq,4 5 6 L N Q R W,Easement - Street,YES,40.7351896,-73.9897744
M,14 St-Union Sq,4 5 6 L N Q R W,Stair,YES,40.7342562,-73.9896953
M,14 St-Union Sq,4 5 6 L N Q R W,Stair,YES,40.7342034,-73.9895337
M,14 St-Union Sq,4 5 6 L N Q R W,Easement - Street,YES,40.7344166,-73.9894647
M,Astor Pl,6,Stair,YES,40.7300186,-73.9914524
M,Astor Pl,6,Stair,YES,40.7301227,-73.990823
M,Broadway-Lafayette St/Bleecker St,6 B D F M,Stair,YES,40.7249151,-73.9952877
M,Broadway-Lafayette St/Bleecker St,6 B D F M,Easement - Street,YES,40.725195,-73.9948982
M,Broadway-Lafayette St/Bleecker St,6 B D F M,Stair,YES,40.7259506,-73.9948122
M,Broadway-Lafayette St/Bleecker St,6 B D F M,Stair,YES,40.726046,-73.9947451
M,Broadway-Lafayette St/Bleecker St,6 B D F M,Stair,YES,40.7257192,-73.9945921
M,Broadway-Lafayette St/Bleecker St,6 B D F M,Stair,YES,40.7257567,-73.9943374
M,Broadway-Lafayette St/Bleecker St,6 B D F M,Stair,YES,40.7258499,-73.9942979
M,Spring St,6,Stair,YES,40.722408,-73.9974768
M,Spring St,6,Stair,YES,40.7224774,-73.9974188
M,Spring St,6,Easement - Street,YES,40.7221032,-73.9968123
M,Spring St,6,Stair,YES,40.7222255,-73.9967904
M,Canal St,6 J Z N Q R W,Stair,YES,40.7185261,-74.0008493
M,Canal St,6 J Z N Q R W,Stair,YES,40.7186913,-74.0007097
M,Canal St,6 J Z N Q R W,Elevator,YES,40.7186253,-74.0006026
M,Canal St,6 J Z N Q R W,Stair,YES,40.718197,-74.000388
M,Canal St,6 J Z N Q R W,Stair,YES,40.7181392,-74.0003139
M,Canal St,6 J Z N Q R W,Stair,YES,40.7183418,-74.00023
M,Canal St,6 J Z N Q R W,Elevator,YES,40.7182795,-74.0001254
M,Brooklyn Bridge-City Hall/Chambers St,4 5 6 J Z,Stair,YES,40.7118958,-74.0051917
M,Brooklyn Bridge-City Hall/Chambers St,4 5 6 J Z,Stair,YES,40.7118104,-74.005035
M,Brooklyn Bridge-City Hall/Chambers St,4 5 6 J Z,Stair,YES,40.7126808,-74.0050245
M,Brooklyn Bridge-City Hall/Chambers St,4 5 6 J Z,Stair,YES,40.712882,-74.0047881
M,Brooklyn Bridge-City Hall/Chambers St,4 5 6 J Z,Stair,YES,40.7123823,-74.0043668
M,Brooklyn Bridge-City Hall/Chambers St,4 5 6 J Z,Stair,YES,40.713846,-74.0038595
M,Brooklyn Bridge-City Hall/Chambers St,4 5 6 J Z,Stair,YES,40.7139166,-74.0036413
M,Brooklyn Bridge-City Hall/Chambers St,4 5 6 J Z,Elevator,YES,40.7127938,-74.0049162
M,Fulton St,2 3 4 5 A C J Z,Stair,YES,40.7111328,-74.0094053
M,Fulton St,2 3 4 5 A C J Z,Easement - Street,YES,40.7109577,-74.0093805
M,Fulton St,2 3 4 5 A C J Z,Stair,YES,40.7110324,-74.0091906
M,Fulton St,2 3 4 5 A C J Z,Station House,YES,40.710165,-74.009182
M,Fulton St,2 3 4 5 A C J Z,Stair,YES,40.7096991,-74.0099921
M,Fulton St,2 3 4 5 A C J Z,Easement - Street,YES,40.7097799,-74.0102942
M,Fulton St,2 3 4 5 A C J Z,Station House,YES,40.7104593,-74.0092735
M,Fulton St,2 3 4 5 A C J Z,Station House,YES,40.7107493,-74.0090283
M,Fulton St,2 3 4 5 A C J Z,Station House,YES,40.7107448,-74.0089504
M,Fulton St,2 3 4 5 A C J Z,Station House,YES,40.71056,-74.0085957
M,Fulton St,2 3 4 5 A C J Z,Easement - Street,YES,40.7103857,-74.0096861
M,Wall St,4 5,Easement - Street,YES,40.7072875,-74.012239
M,Wall St,4 5,Easement - Street,YES,40.7074302,-74.012129
M,Wall St,4 5,Stair,YES,40.7072321,-74.0120005
M,Wall St,4 5,Stair,YES,40.7076063,-74.0119486
M,Wall St,4 5,Stair,YES,40.7076363,-74.0119246
M,Wall St,4 5,Stair,YES,40.7075058,-74.0117912
M,Wall St,4 5,Stair,YES,40.7075602,-74.0117429
M,Wall St,4 5,Easement - Street,YES,40.7084833,-74.0112799
M,Wall St,4 5,Easement - Passage,YES,40.708035,-74.010665
M,Wall St,4 5,Easement - Street,YES,40.7080774,-74.0097526
M,Bowling Green,4 5,Stair,YES,40.7048374,-74.0145964
M,Bowling Green,4 5,Station House,YES,40.704157,-74.014509
M,Bowling Green,4 5,Stair,YES,40.7048029,-74.0144281
M,Bowling Green,4 5,Elevator,YES,40.7046839,-74.0139298
M,Bowling Green,4 5,Stair/Escalator,YES,40.7046471,-74.0135005
M,Bowling Green,4 5,Station House,YES,40.7040496,-74.0145537
M,Times Sq-42 St/Port Authority Bus Terminal,1 2 3 7 A C E N Q R W S,Stair,YES,40.7561767,-73.9863927
M,Times Sq-42 St/Port Authority Bus Terminal,1 2 3 7 A C E N Q R W S,Elevator,YES,40.7561022,-73.9864587
M,Grand Central-42 St,4 5 6 7 S,Easement - Street,YES,40.752846,-73.979798
M,Grand Central-42 St,4 5 6 7 S,Stair,YES,40.7530781,-73.9795699
M,Grand Central-42 St,4 5 6 7 S,Easement - Street,YES,40.7521574,-73.9781845
M,Grand Central-42 St,4 5 6 7 S,Easement - Street,YES,40.7522602,-73.9783584
M,Grand Central-42 St,4 5 6 7 S,Easement - Street,YES,40.7530377,-73.978068
M,Grand Central-42 St,4 5 6 7 S,Easement - Street,YES,40.753162,-73.9782205
M,Grand Central-42 St,4 5 6 7 S,Easement - Street,YES,40.7527444,-73.9786948
M,Grand Central-42 St,4 5 6 7 S,Easement - Passage,YES,40.752514,-73.977977
B,Grant Av,A,Station House,YES,40.6768128,-73.8654636
Q,80 St,A,Stair,YES,40.6793842,-73.8603012
Q,80 St,A,Stair,YES,40.6792308,-73.8603011
Q,80 St,A,Stair,YES,40.6795285,-73.8579979
Q,80 St,A,Stair,YES,40.6793664,-73.857978
Q,88 St,A,Stair,YES,40.6800052,-73.8504319
Q,88 St,A,Stair,YES,40.679839,-73.8504132
Q,Rockaway Blvd,A,Stair,YES,40.6803312,-73.8451644
Q,Rockaway Blvd,A,Stair,YES,40.6801766,-73.845147
Q,Rockaway Blvd,A,Stair,YES,40.6807663,-73.8425832
Q,Rockaway Blvd,A,Stair,YES,40.6806204,-73.8425312
Q,104 St,A,Stair,YES,40.6821514,-73.8368413
Q,104 St,A,Stair,YES,40.682034,-73.8367572
Q,104 St,A,Stair,YES,40.6813287,-73.838868
Q,104 St,A,Stair,YES,40.6814751,-73.8389172
Q,111 St,A,Stair,YES,40.684111,-73.832889
Q,111 St,A,Stair,YES,40.6839854,-73.8328351
Q,111 St,A,Stair,YES,40.684892,-73.8309535
Q,111 St,A,Stair,YES,40.6847601,-73.8308779
Q,Ozone Park-Lefferts Blvd,A,Stair,YES,40.68589,-73.827081
Q,Ozone Park-Lefferts Blvd,A,Stair,YES,40.6857503,-73.8270487
Q,Ozone Park-Lefferts Blvd,A,Stair,YES,40.6862522,-73.8243646
Q,Ozone Park-Lefferts Blvd,A,Stair,YES,40.6861196,-73.8243035
Q,Ozone Park-Lefferts Blvd,A,Elevator,YES,40.6862264,-73.8245399
Q,Middle Village-Metropolitan Av,M,Station House,YES,40.7122137,-73.8892288
Q,Fresh Pond Rd,M,Stair,YES,40.7060033,-73.8965041
Q,Fresh Pond Rd,M,Stair,YES,40.7062104,-73.8955923
Q,Fresh Pond Rd,M,Stair,YES,40.7061721,-73.895749
Q,Forest Av,M,Stair,YES,40.704443,-73.902389
Q,Forest Av,M,Stair,YES,40.7047753,-73.9022333
Q,Seneca Av,M,Stair,YES,40.702856,-73.907898
Q,Seneca Av,M,Stair,YES,40.7027905,-73.9075098
B,Knickerbocker Av,M,Stair,YES,40.6989325,-73.918769
B,Knickerbocker Av,M,Stair,YES,40.698717,-73.918655
B,Central Av,M,Stair,YES,40.697887,-73.926505
B,Central Av,M,Stair,YES,40.6980504,-73.9263066
B,President St-Medgar Evers College,2 5,Stair,YES,40.6681787,-73.950866
B,President St-Medgar Evers College,2 5,Stair,YES,40.6681618,-73.9504553
B,Sterling St,2 5,Stair,YES,40.6633164,-73.9510467
B,Sterling St,2 5,Stair,YES,40.6632311,-73.9506626
B,Winthrop St,2 5,Stair,YES,40.656171,-73.950346
B,Winthrop St,2 5,Stair,YES,40.6571982,-73.9499807
B,Church Av,2 5,Stair,YES,40.6509067,-73.9498197
B,Church Av,2 5,Elevator,YES,40.6507405,-73.9497579
B,Church Av,2 5,Stair,YES,40.6509756,-73.9497267
B,Church Av,2 5,Stair,YES,40.6506189,-73.9496863
B,Church Av,2 5,Stair,YES,40.6506527,-73.9494277
B,Church Av,2 5,Stair,YES,40.6509276,-73.9494175
B,Church Av,2 5,Elevator,YES,40.650748,-73.949384
B,Beverly Rd,2 5,Stair,YES,40.6450334,-73.9492515
B,Beverly Rd,2 5,Stair,YES,40.6450635,-73.9486637
B,Newkirk Av-Little Haiti,2 5,Stair,YES,40.6398937,-73.9486759
B,Newkirk Av-Little Haiti,2 5,Stair,YES,40.6399281,-73.948163
B,Flatbush Av-Brooklyn College,2 5,Stair,YES,40.6332807,-73.9479297
B,Flatbush Av-Brooklyn College,2 5,Stair,YES,40.6333082,-73.9478373
B,Flatbush Av-Brooklyn College,2 5,Stair,YES,40.6318572,-73.9476667
B,Flatbush Av-Brooklyn College,2 5,Stair,YES,40.632869,-73.9475376
B,Flatbush Av-Brooklyn College,2 5,Elevator,YES,40.632463,-73.947518
B,Flatbush Av-Brooklyn College,2 5,Stair,YES,40.6323382,-73.9474844
B,Flatbush Av-Brooklyn College,2 5,Stair,YES,40.632359,-73.947389
B,Flatbush Av-Brooklyn College,2 5,Stair,YES,40.6327597,-73.9473784
Bx,Pelham Bay Park,6,Elevator,YES,40.852803,-73.827195
Bx,Pelham Bay Park,6,Stair,YES,40.853012,-73.827172
Bx,Pelham Bay Park,6,Stair,YES,40.852824,-73.827035
Bx,Pelham Bay Park,6,Escalator,YES,40.853041,-73.826991
Bx,Pelham Bay Park,6,Overpass,YES,40.8523973,-73.8259847
Bx,Buhre Av,6,Stair,YES,40.846891,-73.832639
Bx,Buhre Av,6,Stair,YES,40.8468193,-73.832403
Bx,Buhre Av,6,Stair,YES,40.847185,-73.832264
Bx,Middletown Rd,6,Stair,YES,40.843609,-73.836478
Bx,Middletown Rd,6,Stair,YES,40.843935,-73.836386
Bx,Westchester Sq-E Tremont Av,6,Stair,YES,40.840128,-73.842875
Bx,Zerega Av,6,Stair,YES,40.8366399,-73.8467133
Bx,Zerega Av,6,Stair,YES,40.836954,-73.846653
Bx,Castle Hill Av,6,Stair,YES,40.834093,-73.851857
Bx,Castle Hill Av,6,Stair,YES,40.834321,-73.85144
Bx,Parkchester,6,Station House,YES,40.8332372,-73.8608907
Bx,Parkchester,6,Station House,YES,40.8331448,-73.8610722
Bx,St Lawrence Av,6,Stair,YES,40.8314802,-73.8674288
Bx,St Lawrence Av,6,Stair,YES,40.831765,-73.867078
Bx,Morrison Av-Soundview,6,Stair,YES,40.829517,-73.87486
Bx,Morrison Av-Soundview,6,Stair,YES,40.8293598,-73.8747982
Bx,Morrison Av-Soundview,6,Stair,YES,40.829641,-73.874447
Bx,Elder Av,6,Stair,YES,40.82846,-73.879362
Bx,Elder Av,6,Stair,YES,40.828688,-73.879018
Bx,Whitlock Av,6,Stair,YES,40.827298,-73.886256
Bx,Whitlock Av,6,Stair,YES,40.827295,-73.886082
Bx,Hunts Point Av,6,Stair,YES,40.820591,-73.890836
Bx,Hunts Point Av,6,Stair,YES,40.820819,-73.890442
Bx,Hunts Point Av,6,Elevator,YES,40.8206647,-73.8909463
Bx,Longwood Av,6,Stair,YES,40.8163303,-73.8964885
Bx,Longwood Av,6,Stair,YES,40.8165528,-73.8963309
Bx,Longwood Av,6,Stair,YES,40.816137,-73.896133
Bx,Longwood Av,6,Stair,YES,40.8164037,-73.8959924
Bx,E 149 St,6,Stair,YES,40.8123603,-73.9041644
Bx,E 149 St,6,Stair,YES,40.8119099,-73.9041573
Bx,E 149 St,6,Stair,YES,40.812389,-73.9037836
Bx,E 149 St,6,Stair,YES,40.8119579,-73.9037523
Bx,E 149 St,6,Elevator,YES,40.8123107,-73.9038466
Bx,E 149 St,6,Elevator,YES,40.8118665,-73.904051
Bx,E 143 St-St Mary's St,6,Stair,YES,40.8080597,-73.9080761
Bx,E 143 St-St Mary's St,6,Stair,YES,40.8080186,-73.9077431
Bx,E 143 St-St Mary's St,6,Stair,YES,40.8083698,-73.9076202
Bx,E 143 St-St Mary's St,6,Stair,YES,40.8083258,-73.9080056
Bx,Cypress Av,6,Stair,YES,40.8052005,-73.9139656
Bx,Cypress Av,6,Stair,YES,40.8050474,-73.9134955
Bx,Cypress Av,6,Stair,YES,40.8052424,-73.9133662
Bx,Cypress Av,6,Stair,YES,40.8051614,-73.9131761
Bx,Brook Av,6,Stair,YES,40.807467,-73.919448
Bx,Brook Av,6,Stair,YES,40.8077634,-73.9193394
Bx,Brook Av,6,Stair,YES,40.8073939,-73.9192355
Bx,Brook Av,6,Stair,YES,40.807591,-73.9189252
Bx,3 Av-138 St,6,Stair,YES,40.810712,-73.92705
Bx,3 Av-138 St,6,Stair,YES,40.810638,-73.926883
Bx,3 Av-138 St,6,Stair,YES,40.810837,-73.9266204
Bx,3 Av-138 St,6,Stair,YES,40.810102,-73.925641
Bx,3 Av-138 St,6,Stair,YES,40.81035,-73.9254715
Bx,3 Av-138 St,6,Stair,YES,40.810019,-73.925438
Bx,3 Av-138 St,6,Stair,YES,40.8102718,-73.9252869
Q,Jamaica Center-Parsons/Archer,E J Z,Stair,YES,40.7016719,-73.8024947
Q,Jamaica Center-Parsons/Archer,E J Z,Stair,YES,40.702234,-73.801859
Q,Jamaica Center-Parsons/Archer,E J Z,Stair/Escalator,YES,40.701874,-73.801747
Q,Jamaica Center-Parsons/Archer,E J Z,Stair/Escalator,YES,40.7023237,-73.799995
Q,Jamaica Center-Parsons/Archer,E J Z,Escalator,YES,40.702821,-73.799843
Q,Jamaica Center-Parsons/Archer,E J Z,Elevator,YES,40.7023632,-73.7998129
Q,Jamaica Center-Parsons/Archer,E J Z,Stair,YES,40.702674,-73.799786
Q,Sutphin Blvd-Archer Av-JFK Airport,E J Z,Stair,YES,40.7004005,-73.8079881
Q,Sutphin Blvd-Archer Av-JFK Airport,E J Z,Stair,YES,40.70081,-73.807923
Q,Sutphin Blvd-Archer Av-JFK Airport,E J Z,Stair,YES,40.7008883,-73.8076763
Q,Sutphin Blvd-Archer Av-JFK Airport,E J Z,Stair,YES,40.7005696,-73.807384
Q,Sutphin Blvd-Archer Av-JFK Airport,E J Z,Escalator,YES,40.7001566,-73.807713
Q,Sutphin Blvd-Archer Av-JFK Airport,E J Z,Elevator,YES,40.7001701,-73.8078539
Q,Jamaica-Van Wyck,E,Station House,YES,40.7027553,-73.8172816
Q,Jamaica-Van Wyck,E,Station House,YES,40.7012544,-73.8165827
Q,Jamaica-Van Wyck,E,Station House,YES,40.7013128,-73.8164043
Q,Jamaica-179 St,F,Stair,YES,40.712483,-73.785064
Q,Jamaica-179 St,F,Stair,YES,40.7122699,-73.7849066
Q,Jamaica-179 St,F,Stair,YES,40.7125933,-73.7846601
Q,Jamaica-179 St,F,Stair,YES,40.7122714,-73.7844702
Q,Jamaica-179 St,F,Stair,YES,40.7126548,-73.7844166
Q,Jamaica-179 St,F,Stair,YES,40.7123248,-73.7842839
Q,Jamaica-179 St,F,Stair,YES,40.7125485,-73.783397
Q,Jamaica-179 St,F,Elevator,YES,40.7126116,-73.7833764
Q,Jamaica-179 St,F,Stair,YES,40.71291,-73.7833555
Q,Jamaica-179 St,F,Stair,YES,40.71266,-73.7832674
Q,Jamaica-179 St,F,Stair,YES,40.7129497,-73.7831855
Q,Jamaica-179 St,F,Stair,YES,40.7127179,-73.7830294
Q,Jamaica-179 St,F,Stair,YES,40.7127313,-73.7826424
Q,Jamaica-179 St,F,Stair,YES,40.7131496,-73.7826376
Q,Jamaica-179 St,F,Stair,YES,40.7128667,-73.7823966
Q,Jamaica-179 St,F,Stair,YES,40.713207,-73.782119
Q,169 St,F,Stair,YES,40.7101668,-73.7949132
Q,169 St,F,Stair,YES,40.710184,-73.79473
Q,169 St,F,Stair,YES,40.7098175,-73.7947039
Q,169 St,F,Stair,YES,40.7098676,-73.7945644
Q,169 St,F,Stair,YES,40.7108497,-73.793255
Q,169 St,F,Stair,YES,40.710495,-73.793022
Q,169 St,F,Stair,YES,40.7105686,-73.792847
Q,169 St,F,Easement - Street,YES,40.7109796,-73.7927502
Q,Parsons Blvd,F,Stair,YES,40.707063,-73.80462
Q,Parsons Blvd,F,Stair,YES,40.7073746,-73.804498
Q,Parsons Blvd,F,Stair,YES,40.7070783,-73.8043305
Q,Parsons Blvd,F,Stair,YES,40.707873,-73.802999
Q,Parsons Blvd,F,Stair,YES,40.7074593,-73.8027967
Q,Parsons Blvd,F,Stair,YES,40.7075757,-73.8026083
Q,Sutphin Blvd,F,Stair,YES,40.7049172,-73.8119582
Q,Sutphin Blvd,F,Stair,YES,40.7053554,-73.8118592
Q,Sutphin Blvd,F,Stair,YES,40.7055478,-73.8097128
Q,Sutphin Blvd,F,Stair,YES,40.7059521,-73.8094924
Q,Sutphin Blvd,F,Stair,YES,40.7056003,-73.8094861
Q,Briarwood,E F,Stair,YES,40.7089519,-73.8201774
Q,Briarwood,E F,Stair,YES,40.708068,-73.820111
Q,Briarwood,E F,Elevator,YES,40.7097309,-73.8196621
Q,Briarwood,E F,Stair,YES,40.7096673,-73.8195203
Q,Kew Gardens-Union Tpke,E F,Stair,YES,40.714673,-73.832151
Q,Kew Gardens-Union Tpke,E F,Stair,YES,40.7150297,-73.8316169
Q,Kew Gardens-Union Tpke,E F,Stair,YES,40.7149405,-73.8314989
Q,Kew Gardens-Union Tpke,E F,Stair,YES,40.71403,-73.8311684
Q,Kew Gardens-Union Tpke,E F,Elevator,YES,40.7139917,-73.8310705
Q,Kew Gardens-Union Tpke,E F,Stair,YES,40.7136754,-73.8300189
Q,Kew Gardens-Union Tpke,E F,Stair,YES,40.714086,-73.8299169
Q,75 Av,E F,Stair,YES,40.7186225,-73.8382901
Q,75 Av,E F,Stair,YES,40.7190791,-73.8379215
Q,75 Av,E F,Stair,YES,40.7178395,-73.8366252
Q,Forest Hills-71 Av,E F M R,Stair,YES,40.7222806,-73.8451532
Q,Forest Hills-71 Av,E F M R,Stair,YES,40.7214409,-73.8446489
Q,Forest Hills-71 Av,E F M R,Stair,YES,40.7219292,-73.8443539
Q,Forest Hills-71 Av,E F M R,Stair,YES,40.7211156,-73.8440429
Q,Forest Hills-71 Av,E F M R,Stair,YES,40.7215033,-73.8433902
Q,Forest Hills-71 Av,E F M R,Elevator,YES,40.7215053,-73.8447892
Q,67 Av,M R,Stair,YES,40.7266187,-73.8535368
Q,67 Av,M R,Stair,YES,40.7270916,-73.8532292
Q,67 Av,M R,Stair,YES,40.7260625,-73.8522056
Q,67 Av,M R,Stair,YES,40.7263812,-73.8515894
Q,63 Dr-Rego Park,M R,Stair,YES,40.729967,-73.8627461
Q,63 Dr-Rego Park,M R,Stair,YES,40.7304474,-73.8624072
Q,63 Dr-Rego Park,M R,Easement - Street,YES,40.7296038,-73.8617722
Q,63 Dr-Rego Park,M R,Stair,YES,40.7300482,-73.8613337
Q,63 Dr-Rego Park,M R,Stair,YES,40.729265,-73.860814
Q,63 Dr-Rego Park,M R,Stair,YES,40.7297958,-73.8604841
Q,Woodhaven Blvd,M R,Stair,YES,40.7333737,-73.8709982
Q,Woodhaven Blvd,M R,Stair,YES,40.7330542,-73.8703315
Q,Woodhaven Blvd,M R,Stair,YES,40.7335882,-73.8696387
Q,Woodhaven Blvd,M R,Stair,YES,40.7332004,-73.8686017
Q,Grand Av-Newtown,M R,Stair,YES,40.7375079,-73.8774159
Q,Grand Av-Newtown,M R,Stair,YES,40.7373292,-73.8772103
Q,Grand Av-Newtown,M R,Stair,YES,40.7361017,-73.8771659
Q,Grand Av-Newtown,M R,Stair,YES,40.7358946,-73.8768826
Q,Grand Av-Newtown,M R,Stair,YES,40.736292,-73.8764169
Q,Elmhurst Av,M R,Stair,YES,40.7427942,-73.8830343
Q,Elmhurst Av,M R,Stair,YES,40.7429634,-73.8827269
Q,Elmhurst Av,M R,Stair,YES,40.741877,-73.8814654
Q,Elmhurst Av,M R,Stair,YES,40.7417271,-73.8811841
Q,Elmhurst Av,M R,Easement - Street,YES,40.742052,-73.8810756
Q,Jackson Hts-Roosevelt Av/74 St-Broadway,7 E F M R,Stair,YES,40.747034,-73.892555
Q,Jackson Hts-Roosevelt Av/74 St-Broadway,7 E F M R,Easement - Street,YES,40.7472534,-73.8921113
Q,Jackson Hts-Roosevelt Av/74 St-Broadway,7 E F M R,Stair,YES,40.7465719,-73.8914756
Q,Jackson Hts-Roosevelt Av/74 St-Broadway,7 E F M R,Station House,YES,40.7466363,-73.8909685
Q,Jackson Hts-Roosevelt Av/74 St-Broadway,7 E F M R,Station House,YES,40.746814,-73.8909408
Q,Jackson Hts-Roosevelt Av/74 St-Broadway,7 E F M R,Stair,YES,40.7463993,-73.8902824
Q,Jackson Hts-Roosevelt Av/74 St-Broadway,7 E F M R,Stair,YES,40.7459586,-73.8901975
Q,Jackson Hts-Roosevelt Av/74 St-Broadway,7 E F M R,Station House,YES,40.7466852,-73.8907723
Q,65 St,M R,Stair,YES,40.7491552,-73.897499
Q,65 St,M R,Stair,YES,40.7493391,-73.89738
Q,Northern Blvd,M R,Stair,YES,40.7530985,-73.9071227
Q,Northern Blvd,M R,Stair,YES,40.7534372,-73.9068952
Q,46 St,M R,Stair,YES,40.756634,-73.9144105
Q,46 St,M R,Stair,YES,40.7568842,-73.9143001
Q,46 St,M R,Stair,YES,40.7558009,-73.9126475
Q,46 St,M R,Stair,YES,40.756029,-73.91218
Q,Steinway St,M R,Stair,YES,40.756583,-73.921108
Q,Steinway St,M R,Stair,YES,40.7566892,-73.9206183
Q,Steinway St,M R,Stair,YES,40.758143,-73.919842
Q,Steinway St,M R,Stair,YES,40.7583025,-73.9193969
Q,36 St,M R,Stair,YES,40.7518701,-73.9304904
Q,36 St,M R,Stair,YES,40.752211,-73.9292685
Q,36 St,M R,Stair,YES,40.7522442,-73.9287628
Q,36 St,M R,Stair,YES,40.7522459,-73.92766
Q,36 St,M R,Stair,YES,40.7519304,-73.9270977
Q,Queens Plaza,E F R,Stair,YES,40.748679,-73.9384765
Q,Queens Plaza,E F R,Stair,YES,40.7484659,-73.9382935
Q,Queens Plaza,E F R,Stair,YES,40.7490951,-73.9379014
Q,Queens Plaza,E F R,Stair,YES,40.7487132,-73.9373725
Q,Queens Plaza,E F R,Stair,YES,40.7488211,-73.9370584
Q,Queens Plaza,E F R,Stair,YES,40.7498886,-73.9361878
Q,Queens Plaza,E F R,Stair,YES,40.749598,-73.9360732
Q,Queens Plaza,E F R,Elevator,YES,40.7488969,-73.9378479
Q,Court Sq-23 St,7 E F G,Stair,YES,40.747954,-73.94724
Q,Court Sq-23 St,7 E F G,Stair,YES,40.7482048,-73.9471589
Q,Court Sq-23 St,7 E F G,Easement - Street,YES,40.7477378,-73.9446888
Q,Court Sq-23 St,7 E F G,Easement - Street,YES,40.7473711,-73.9442712
M,Lexington Av/51-53 Sts,6 E F,Easement - Street,YES,40.757804,-73.971141
M,Lexington Av/51-53 Sts,6 E F,Easement - Street,YES,40.757784,-73.971098
M,Lexington Av/51-53 Sts,6 E F,Easement - Street,YES,40.75812,-73.970958
M,Lexington Av/51-53 Sts,6 E F,Easement - Street,YES,40.758329,-73.970567
M,Lexington Av/51-53 Sts,6 E F,Easement - Street,YES,40.7573651,-73.9694266
M,Lexington Av/51-53 Sts,6 E F,Easement - Street,YES,40.7577948,-73.9691049
M,Lexington Av/51-53 Sts,6 E F,Easement - Street,YES,40.7576771,-73.9690632
M,Lexington Av/51-53 Sts,6 E F,Stair,YES,40.7578434,-73.9695265
M,Lexington Av/51-53 Sts,6 E F,Stair,YES,40.7576468,-73.969628
Q,Lexington Av/51-53 Sts,6 E F,Easement - Passage,YES,40.7574301,-73.9692498
M,5 Av/53 St,E F,Easement - Street,YES,40.7606388,-73.9764862
M,5 Av/53 St,E F,Stair,YES,40.7602156,-73.975496
M,5 Av/53 St,E F,Stair,YES,40.7603321,-73.9754237
M,5 Av/53 St,E F,Stair,YES,40.759559,-73.9739911
M,5 Av/53 St,E F,Easement - Street,YES,40.7596258,-73.9737347
M,7 Av,E B D,Stair,YES,40.7632069,-73.9826682
M,7 Av,E B D,Stair,YES,40.7633428,-73.9825738
M,7 Av,E B D,Stair,YES,40.7628075,-73.9817178
M,7 Av,E B D,Stair,YES,40.7629497,-73.9816298
Q,Aqueduct Racetrack,A,Ramp,YES,40.6722991,-73.83559
Q,Aqueduct Racetrack,A,Elevator,YES,40.6720644,-73.8355034
Q,Aqueduct Racetrack,A,Stair,YES,40.6719587,-73.8355149
Q,Aqueduct Racetrack,A,Stair,YES,40.6724666,-73.835764
Q,Aqueduct-N Conduit Av,A,Stair,YES,40.6693618,-73.8348422
Q,Aqueduct-N Conduit Av,A,Station House,YES,40.6669955,-73.8334689
Q,Aqueduct-N Conduit Av,A,Stair,YES,40.6694622,-73.8344867
Q,Howard Beach-JFK Airport,A,Elevator,YES,40.6604843,-73.830536
Q,Howard Beach-JFK Airport,A,Elevator,YES,40.6604882,-73.8305183
Q,Howard Beach-JFK Airport,A,Stair,YES,40.6604352,-73.8305163
Q,Howard Beach-JFK Airport,A,Stair,YES,40.6601692,-73.8303928
Q,Broad Channel,A S,Stair,YES,40.6080632,-73.815982
Q,Beach 90 St,A S,Stair,YES,40.5880155,-73.8141178
Q,Beach 90 St,A S,Stair,YES,40.5878304,-73.8140067
Q,Beach 90 St,A S,Stair,YES,40.588098,-73.8139015
Q,Beach 90 St,A S,Stair,YES,40.5879191,-73.813786
Q,Beach 98 St,A S,Stair,YES,40.5852808,-73.8204642
Q,Beach 98 St,A S,Stair,YES,40.5855576,-73.8203339
Q,Beach 98 St,A S,Stair,YES,40.5853825,-73.8202185
Q,Beach 105 St,A S,Stair,YES,40.583187,-73.827388
Q,Beach 105 St,A S,Stair,YES,40.583435,-73.827232
Q,Beach 105 St,A S,Stair,YES,40.583248,-73.827163
Q,Rockaway Park-Beach 116 St,A S,Station House,YES,40.5805473,-73.8374145
Q,Beach 67 St,A,Stair,YES,40.590744,-73.797789
Q,Beach 67 St,A,Stair,YES,40.5911261,-73.7964627
Q,Beach 67 St,A,Stair,YES,40.5909276,-73.7964192
Q,Beach 67 St,A,Stair,YES,40.590951,-73.796176
Q,Beach 67 St,A,Stair,YES,40.591157,-73.7961994
Q,Beach 67 St,A,Elevator,YES,40.5911125,-73.7963507
Q,Beach 67 St,A,Stair,YES,40.5910896,-73.7965613
Q,Beach 60 St,A,Stair,YES,40.5924904,-73.7894055
Q,Beach 60 St,A,Stair,YES,40.5922865,-73.7893844
Q,Beach 60 St,A,Stair,YES,40.592292,-73.789153
Q,Beach 60 St,A,Stair,YES,40.5925006,-73.7891453
Q,Beach 44 St,A,Stair,YES,40.593091,-73.7759873
Q,Beach 44 St,A,Stair,YES,40.5928934,-73.775953
Q,Beach 44 St,A,Stair,YES,40.5931188,-73.7757271
Q,Beach 44 St,A,Stair,YES,40.5929122,-73.7757076
Q,Beach 36 St,A,Stair,YES,40.595521,-73.768271
Q,Beach 36 St,A,Stair,YES,40.5953655,-73.7681141
Q,Beach 36 St,A,Stair,YES,40.5956512,-73.7680667
Q,Beach 36 St,A,Stair,YES,40.5954873,-73.7679138
Q,Beach 25 St,A,Stair,YES,40.5997277,-73.7619694
Q,Beach 25 St,A,Stair,YES,40.5995486,-73.7617121
Q,Beach 25 St,A,Stair,YES,40.5996995,-73.7615769
Q,Far Rockaway-Mott Av,A,Station House,YES,40.604657,-73.754178
B,8 Av,N,Station House,YES,40.634552,-74.010726
B,8 Av,N,Station House,YES,40.6355523,-74.0126802
B,Fort Hamilton Pkwy,N,Station House,YES,40.632179,-74.006658
B,Fort Hamilton Pkwy,N,Station House,YES,40.630609,-74.004067
B,62 St/New Utrecht Av,D N,Station House,YES,40.625606,-73.99683
B,62 St/New Utrecht Av,D N,Station House,YES,40.624246,-73.995962
B,18 Av,N,Station House,YES,40.621306,-73.991469
B,18 Av,N,Station House,YES,40.6200793,-73.989426
B,20 Av,N,Station House,YES,40.617341,-73.98484
B,Bay Pkwy,N,Station House,YES,40.612989,-73.982084
B,Bay Pkwy,N,Station House,YES,40.6106019,-73.9816236
B,Kings Hwy,N,Station House,YES,40.605107,-73.980578
B,Kings Hwy,N,Station House,YES,40.6032318,-73.9802017
B,Avenue U,N,Station House,YES,40.598512,-73.979335
B,Avenue U,N,Station House,YES,40.5964727,-73.9789484
B,86 St,N,Station House,YES,40.5927522,-73.9782375
B,Coney Island-Stillwell Av,D F N Q,Station House,YES,40.5764558,-73.9812435
B,Coney Island-Stillwell Av,D F N Q,Stair,YES,40.5769,-73.980846
B,Coney Island-Stillwell Av,D F N Q,Station House,YES,40.575798,-73.9809268
M,96 St,Q,Escalator,YES,40.7830595,-73.9477571
M,96 St,Q,Easement - Street,YES,40.7828049,-73.9483903
M,96 St,Q,Elevator,YES,40.7839153,-73.9475601
M,96 St,Q,Stair/Escalator,YES,40.7841841,-73.9474
M,86 St,Q,Easement - Street,YES,40.776063,-73.9528518
M,86 St,Q,Escalator,YES,40.7775983,-73.9508257
M,86 St,Q,Escalator,YES,40.7778649,-73.9514473
M,86 St,Q,Elevator,YES,40.7777238,-73.951593
M,72 St,Q,Stair/Escalator,YES,40.7669623,-73.9595894
M,72 St,Q,Stair/Escalator,YES,40.7672033,-73.9594195
M,72 St,Q,Easement - Street,YES,40.7685671,-73.9583424
M,72 St,Q,Easement - Street,YES,40.7691118,-73.9583566
SI,St George,SIR,Easement - Passage,YES,40.6441717,-74.0731753
SI,St George,SIR,Easement - Passage,YES,40.6440768,-74.0729974
SI,Tompkinsville,SIR,Station House,YES,40.6376665,-74.0750213
SI,Stapleton,SIR,Stair,YES,40.6273214,-74.075095
SI,Stapleton,SIR,Stair,YES,40.6286019,-74.0752482
SI,Clifton,SIR,Stair,YES,40.6207463,-74.0710103
SI,Clifton,SIR,Stair,YES,40.6216363,-74.0717437
SI,Clifton,SIR,Stair,YES,40.6215752,-74.0717062
SI,Clifton,SIR,Stair,YES,40.6218984,-74.0716411
SI,Grasmere,SIR,Stair,YES,40.6036771,-74.0836629
SI,Old Town,SIR,Stair,YES,40.5963353,-74.0874145
SI,Old Town,SIR,Stair,YES,40.5960874,-74.0875644
SI,Old Town,SIR,Stair,YES,40.5961168,-74.087835
SI,Dongan Hills,SIR,Ramp,YES,40.5885359,-74.0963615
SI,Dongan Hills,SIR,Ramp,YES,40.5886604,-74.0966051
SI,Dongan Hills,SIR,Stair,YES,40.5888984,-74.0961957
SI,Dongan Hills,SIR,Stair,YES,40.5891445,-74.0958581
SI,Dongan Hills,SIR,Stair,YES,40.5886609,-74.0961114
SI,Dongan Hill,SIR,Stair,YES,40.5889957,-74.0956595
SI,Jefferson Av,SIR,Stair,YES,40.5839541,-74.1027069
SI,Jefferson Av,SIR,Stair,YES,40.5840621,-74.1029119
SI,Grant City,SIR,Overpass,YES,40.5790723,-74.109741
SI,Grant City,SIR,Overpass,YES,40.578932,-74.1095677
SI,Grant City,SIR,Stair,YES,40.5794981,-74.1091261
SI,Grant City,SIR,Stair,YES,40.5794375,-74.1090141
SI,New Dorp,SIR,Stair,YES,40.5740313,-74.116692
SI,New Dorp,SIR,Stair,YES,40.5739452,-74.1165236
SI,New Dorp,SIR,Elevator,YES,40.5737295,-74.11672
SI,New Dorp,SIR,Stair,YES,40.5733062,-74.1176127
SI,New Dorp,SIR,Stair,YES,40.5730202,-74.11777
SI,Oakwood Heights,SIR,Stair,YES,40.5646184,-74.1268361
SI,Oakwood Heights,SIR,Stair,YES,40.5646862,-74.1269428
SI,Oakwood Heights,SIR,Stair,YES,40.565183,-74.1260393
SI,Oakwood Heights,SIR,Stair,YES,40.5653725,-74.1263119
SI,Bay Terrace,SIR,Underpass,YES,40.5559377,-74.1374575
SI,Bay Terrace,SIR,Stair,YES,40.5568692,-74.1362968
SI,Bay Terrace,SIR,Underpass,YES,40.5560285,-74.1375685
SI,Great Kills,SIR,Stair,YES,40.5517017,-74.1506414
SI,Great Kills,SIR,Stair,YES,40.5515581,-74.1505732
SI,Great Kills,SIR,Stair/Ramp,YES,40.5513411,-74.1514872
SI,Great Kills,SIR,Stair/Ramp,YES,40.5511093,-74.1513866
SI,Eltingville,SIR,Stair,YES,40.5448229,-74.1645123
SI,Eltingville,SIR,Stair,YES,40.5444177,-74.1652063
SI,Eltingville,SIR,Stair,YES,40.5442311,-74.1650514
SI,Annadale,SIR,Stair,YES,40.540231,-74.1787012
SI,Annadale,SIR,Stair,YES,40.5406763,-74.1774522
SI,Annadale,SIR,Stair,YES,40.5405775,-74.1774347
SI,Huguenot,SIR,Stair,YES,40.5331368,-74.1922904
SI,Huguenot,SIR,Stair,YES,40.5332341,-74.1923434
SI,Prince's Bay,SIR,Stair,YES,40.5251148,-74.200672
SI,Prince's Bay,SIR,Stair,YES,40.5254041,-74.2007462
SI,Prince's Bay,SIR,Stair,YES,40.5256747,-74.1995091
SI,Annadale,SIR,Stair,YES,40.5405641,-74.1784425
SI,Pleasant Plains,SIR,Stair,YES,40.522445,-74.2171263
SI,Pleasant Plains,SIR,Stair,YES,40.5226659,-74.2171705
SI,Richmond Valley,SIR,Stair,YES,40.5196294,-74.2295408
SI,Richmond Valley,SIR,Stair,YES,40.5194737,-74.2294915
SI,Richmond Valley,SIR,Stair,YES,40.5196676,-74.2286845
SI,Richmond Valley,SIR,Stair,YES,40.5197629,-74.2289145
SI,Arthur Kill,SIR,Stair/Ramp,YES,40.5167299,-74.2420297
SI,Arthur Kill,SIR,Ramp,YES,40.516807,-74.2418387
SI,Arthur Kill,SIR,Stair/Ramp/Walkway,YES,40.5165928,-74.2418934
SI,Tottenville,SIR,Stair,YES,40.5132347,-74.2509716
SI,Tottenville,SIR,Stair,YES,40.5133997,-74.2511586
SI,Tottenville,SIR,Ramp,YES,40.5121599,-74.2529363
SI,Tottenville,SIR,Stair,YES,40.5122061,-74.2528318
B,9 Av,D,Station House,YES,40.6464022,-73.9944751
B,Fort Hamilton Pkwy,D,Stair,YES,40.640185,-73.994423
B,Fort Hamilton Pkwy,D,Stair,YES,40.64136,-73.994411
B,Fort Hamilton Pkwy,D,Stair,YES,40.64018,-73.99422
B,Fort Hamilton Pkwy,D,Stair,YES,40.6413647,-73.994196
B,50 St,D,Stair,YES,40.6362822,-73.994899
B,50 St,D,Stair,YES,40.6364489,-73.994877
B,50 St,D,Stair,YES,40.6362692,-73.9946925
B,50 St,D,Stair,YES,40.6364335,-73.9946737
B,55 St,D,Stair,YES,40.6315288,-73.9956256
B,55 St,D,Stair,YES,40.631709,-73.995283
B,55 St,D,Stair,YES,40.631389,-73.995262
B,62 St/New Utrecht Av,D N,Stair,YES,40.6271574,-73.9968629
B,62 St/New Utrecht Av,D N,Stair,YES,40.6273515,-73.9967384
B,62 St/New Utrecht Av,D N,Stair,YES,40.627299,-73.996465
B,71 St,D,Stair,YES,40.6191533,-73.99925
B,71 St,D,Stair,YES,40.6188574,-73.9991858
B,71 St,D,Stair,YES,40.6188992,-73.9988367
B,71 St,D,Stair,YES,40.6203538,-73.9987699
B,71 St,D,Stair,YES,40.6203246,-73.9985607
B,71 St,D,Stair,YES,40.6187459,-73.9990235
B,79 St,D,Stair,YES,40.6128744,-74.0008872
B,79 St,D,Stair,YES,40.612847,-74.000721
B,79 St,D,Stair,YES,40.614054,-74.000585
B,79 St,D,Stair,YES,40.614018,-74.000378
B,18 Av,D,Stair,YES,40.607723,-74.001894
B,18 Av,D,Stair,YES,40.607897,-74.001628
B,18 Av,D,Stair,YES,40.6076142,-74.0014876
B,20 Av,D,Stair,YES,40.604631,-73.998498
B,20 Av,D,Stair,YES,40.604789,-73.998349
B,20 Av,D,Stair,YES,40.604439,-73.998164
B,20 Av,D,Stair,YES,40.604587,-73.998007
B,Bay Pkwy,D,Stair,YES,40.601993,-73.99413
B,Bay Pkwy,D,Stair,YES,40.6021736,-73.9939783
B,Bay Pkwy,D,Stair,YES,40.601726,-73.993696
B,Bay Pkwy,D,Stair,YES,40.601898,-73.993538
B,Bay Pkwy,D,Elevator,YES,40.6021609,-73.9939382
B,25 Av,D,Stair,YES,40.597952,-73.987442
B,25 Av,D,Stair,YES,40.5981,-73.987279
B,25 Av,D,Stair,YES,40.597751,-73.987112
B,25 Av,D,Stair,YES,40.597889,-73.986958
B,Bay 50 St,D,Stair,YES,40.588305,-73.983791
B,Bay 50 St,D,Stair,YES,40.588022,-73.983735
B,Bay 50 St,D,Stair,YES,40.5883299,-73.9835485
B,Bay 50 St,D,Stair,YES,40.5880448,-73.9834982
